id	sector	guksa_id	equip_type	equip_model	equip_name	equip_id
11962	MW	658	IP-20	IP-20C	낙월도_낙월R1:통합형-0103-06_IP-20C-11G-(1/2)	낙월도_낙월R1:통합형-0103-06_IP-20C-11G-(1/2) 
11963	MW	658	IP-20	IP-20C	낙월도_낙월R1:통합형-0103-07_IP-20C-11G-(3/4)	낙월도_낙월R1:통합형-0103-07_IP-20C-11G-(3/4) 
11964	MW	603	IP-20	IP-20C	임자중_임자중:통합형-0203-01_IP-20C-11G-(1/2)	임자중_임자중:통합형-0203-01_IP-20C-11G-(1/2) 
11965	MW	603	IP-20	IP-20C	임자중_임자중:통합형-0203-02_IP-20C-11G-(3/4)	임자중_임자중:통합형-0203-02_IP-20C-11G-(3/4) 
11966	MW	1004	IP-20	IP-20N	대둔중_대둔중:통합형-0427-01_IP-20N-8G-(1/2/3/4)	대둔중_대둔중:통합형-0427-01_IP-20N-8G-(1/2/3/4) 
11967	MW	658	CTR	CTR-8540	낙월도_낙월R1:MDM-0101-01_CTR-8540-8G-(//1/2)	낙월도_낙월R1:MDM-0101-01_CTR-8540-8G-(//1/2) 
11968	MW	670	CTR	CTR-8540	안마도_안마R1:MDM-0101-01_CTR-8540-8G-(//1/2)	안마도_안마R1:MDM-0101-01_CTR-8540-8G-(//1/2) 
11969	MW	658	CTR	CTR-8312	낙월도_낙월R1:MDM-0101-03_CTR-8312-8G-(1/2)	낙월도_낙월R1:MDM-0101-03_CTR-8312-8G-(1/2) 
11970	MW	668	CTR	CTR-8312	대석만도_석만R1:MDM-0101-01_CTR-8312-8G-(1/2)	대석만도_석만R1:MDM-0101-01_CTR-8312-8G-(1/2) 
11971	MW	658	CDM	CDM-SMR-IP+	낙월도_낙월R1:CDM-0201-01_CDM-SMR-IP+-8G-(1/2/3/4/5/6)	낙월도_낙월R1:CDM-0201-01_CDM-SMR-IP+-8G-(1/2/3/4/5/6) 
11972	MW	674	CDM	CDM-SMR-IP+	옥실_옥실R1:CDM-0801-01_CDM-SMR-IP+-8G-(1/2/3/4/5/6)	옥실_옥실R1:CDM-0801-01_CDM-SMR-IP+-8G-(1/2/3/4/5/6) 
11973	MW	237	IP-20	IP-20N	무등이_2차망 2R(EBS-TV,전용)-0410-01_IP-20N-8G-(1/P)	무등이_2차망 2R(EBS-TV,전용)-0410-01_IP-20N-8G-(1/P)"
11974	MW	1004	IP-20	IP-20N	대둔중_대둔중:통합형-0427-02_IP-20N-8G-(1/2/3/4)	대둔중_대둔중:통합형-0427-02_IP-20N-8G-(1/2/3/4) 
11975	MW	1112	CTR	CTR-8312	횡도_횡도BBC:MDM-0101-01_CTR-8312-11G-(1)	횡도_횡도BBC:MDM-0101-01_CTR-8312-11G-(1) 
11976	MW	1113	CTR	CTR-8312	안마해군_안마해군BBC:MDM-0101-01_CTR-8312-11G-(1)	안마해군_안마해군BBC:MDM-0101-01_CTR-8312-11G-(1) 
11977	MW	658	CTR	CTR-8540	낙월도_낙월R1:MDM-0101-02_CTR-8540-8G-(//1/2)	낙월도_낙월R1:MDM-0101-02_CTR-8540-8G-(//1/2) 
11978	MW	670	CTR	CTR-8540	안마도_안마R1:MDM-0101-02_CTR-8540-8G-(//1/2)	안마도_안마R1:MDM-0101-02_CTR-8540-8G-(//1/2) 
11979	MW	1004	CDM	CDM-SMR	대둔중_대둔중:CDM-0101_CDM-SMR-11G-(1/P/2/3)	대둔중_대둔중:CDM-0101_CDM-SMR-11G-(1/P/2/3) 
11980	MW	237	IP-20	IP-20N	무등이_2차망 남해R(EBS-TV,전용)-0410-02_IP-20N-8G-(1/P)	무등이_2차망 남해R(EBS-TV,전용)-0410-02_IP-20N-8G-(1/P)"
11981	MW	342	IP-20	IP-20N	존제중_2차망 남해R(EBS-TV,전용)-0602-01_IP-20N-8G-(1/P)	존제중_2차망 남해R(EBS-TV,전용)-0602-01_IP-20N-8G-(1/P)"
11982	MW	342	IP-20	IP-20N	존제중_2차망 남해R(EBS-TV,전용)-0602-02_IP-20N-8G-(1/P)	존제중_2차망 남해R(EBS-TV,전용)-0602-02_IP-20N-8G-(1/P)"
11983	MW	1099	CDM	CDM-SMR	도솔봉_JN도솔봉중계소:CDM-0201_CDM-SMR-11G-(1/P/2/3)	도솔봉_JN도솔봉중계소:CDM-0201_CDM-SMR-11G-(1/P/2/3) 
11984	MW	1093	CTR	CTR-8540	어불도_어불R1:MDM-0101-02_CTR-8540-11G-(//1/2/3)	어불도_어불R1:MDM-0101-02_CTR-8540-11G-(//1/2/3) 
11985	MW	1004	CTR	CTR-8312	대둔중_대둔중:MDM-0219-01_CTR-8312-8G-(1/2)	대둔중_대둔중:MDM-0219-01_CTR-8312-8G-(1/2) 
11986	MW	1004	CTR	CTR-8312	대둔중_대둔중:MDM-0219-02_CTR-8312-8G-(1/2)	대둔중_대둔중:MDM-0219-02_CTR-8312-8G-(1/2) 
11987	MW	1092	CTR	CTR-8312	상마도_상마R1:MDM-0101-01_CTR-8312-8G-(1/2)	상마도_상마R1:MDM-0101-01_CTR-8312-8G-(1/2) 
11988	MW	1025	CTR	CTR-8312	중마도_중마R1:MDM-0101-01_CTR-8312-8G-(1/2)	중마도_중마R1:MDM-0101-01_CTR-8312-8G-(1/2) 
11989	MW	1099	CTR	CTR-8540	도솔봉_JN도솔봉중계소:MDM-0101-05_CTR-8540-11G-(//1/2/3)	도솔봉_JN도솔봉중계소:MDM-0101-05_CTR-8540-11G-(//1/2/3) 
11990	MW	658	CTR	CTR-8540	낙월도_낙월R1:MDM-0101-04_CTR-8540-8G-(//1/2/3/4)	낙월도_낙월R1:MDM-0101-04_CTR-8540-8G-(//1/2/3/4) 
11991	MW	670	CTR	CTR-8540	안마도_안마R1:MDM-0101-04_CTR-8540-8G-(//1/2/3/4)	안마도_안마R1:MDM-0101-04_CTR-8540-8G-(//1/2/3/4) 
11992	MW	935	IP-20	IP-20N-D	진도중_진도중:통합형-0403-01_IP-20N-D-8G-(1/S/2/S/3/S/4/S/5/S/6/S)	진도중_진도중:통합형-0403-01_IP-20N-D-8G-(1/S/2/S/3/S/4/S/5/S/6/S) 
11993	MW	1004	CTR	CTR-8540	대둔중_대둔중:MDM-0220-03_CTR-8540-8G-(//1/2)	대둔중_대둔중:MDM-0220-03_CTR-8540-8G-(//1/2) 
11994	MW	1093	CTR	CTR-8540	어불도_어불R1:MDM-0101-03_CTR-8540-8G-(//1/2)	어불도_어불R1:MDM-0101-03_CTR-8540-8G-(//1/2) 
11995	MW	237	IP-20	IP-20N	무등이_1차망 2R(EBS/SBS-TV,전용)-0410-03_IP-20N-8G-(1/P)	무등이_1차망 2R(EBS/SBS-TV,전용)-0410-03_IP-20N-8G-(1/P)"
11996	MW	658	IP-20	IP-20N-D	낙월도_낙월R1:통합형-0202-03_IP-20N-D-11G-(1/S)	낙월도_낙월R1:통합형-0202-03_IP-20N-D-11G-(1/S) 
11997	MW	674	IP-20	IP-20N-D	옥실_옥실R1:통합형-0202-03_IP-20N-D-11G-(1/S)	옥실_옥실R1:통합형-0202-03_IP-20N-D-11G-(1/S) 
11998	MW	410	IP-20	IP-20N	광주중_광주중:통합형-5503-01_IP-20N-11G-(1/2/3/4)	광주중_광주중:통합형-5503-01_IP-20N-11G-(1/2/3/4) 
11999	MW	237	IP-20	IP-20N	무등이_무등이:통합형-0525-01_IP-20N-11G-(1/2/3/4)	무등이_무등이:통합형-0525-01_IP-20N-11G-(1/2/3/4) 
12000	MW	237	IP-20	IP-20N-D	무등이_1차망 3R(EBS/SBS-TV,전용)-0410-04_IP-20N-D-8G-(1//P)	무등이_1차망 3R(EBS/SBS-TV,전용)-0410-04_IP-20N-D-8G-(1//P)"
12001	MW	342	IP-20	IP-20N-D	존제중_1차망 3R(EBS/SBS-TV,전용)-0602-03_IP-20N-D-8G-(1//P)	존제중_1차망 3R(EBS/SBS-TV,전용)-0602-03_IP-20N-D-8G-(1//P)"
12002	MW	342	IP-20	IP-20N-D	존제중_1차망 3R(EBS/SBS-TV,전용)-0602-04_IP-20N-D-8G-(1//P)	존제중_1차망 3R(EBS/SBS-TV,전용)-0602-04_IP-20N-D-8G-(1//P)"
12003	MW	658	CTR	CTR-8740	낙월도_낙월-안마 CTR#1_CTR-8740-8G-(1/2/3/4)	낙월도_낙월-안마 CTR#1_CTR-8740-8G-(1/2/3/4) 
12004	MW	658	CTR	CTR-8740	낙월도_낙월-안마 CTR#2_CTR-8740-8G-(5/6/7/8)	낙월도_낙월-안마 CTR#2_CTR-8740-8G-(5/6/7/8) 
12005	MW	670	CTR	CTR-8740	안마도_안마-낙월 CTR#2_CTR-8740-8G-(5/6/7/8)	안마도_안마-낙월 CTR#2_CTR-8740-8G-(5/6/7/8) 
12006	MW	670	CTR	CTR-8740	안마도_안마-낙월 CTR#1_CTR-8740-8G-(1/2/3/4)	안마도_안마-낙월 CTR#1_CTR-8740-8G-(1/2/3/4) 
12007	MW	658	IP-20	IP-20N	낙월도_낙월R1:통합형-0205-01_IP-20N-11G-(1/2)	낙월도_낙월R1:통합형-0205-01_IP-20N-11G-(1/2) 
12008	MW	669	IP-20	IP-20N	송이도_송이R1:통합형-0102-1_IP-20N-11G-(1/2)	송이도_송이R1:통합형-0102-1_IP-20N-11G-(1/2) 
12009	MW	658	IP-20	IP-20N	낙월도_낙월R1:통합형-0206-01_IP-20N-11G-(1/2/3/4)	낙월도_낙월R1:통합형-0206-01_IP-20N-11G-(1/2/3/4) 
12010	MW	603	IP-20	IP-20N	임자중_임자중:통합형-0202-01_IP-20N-11G-(1/2/3/4)	임자중_임자중:통합형-0202-01_IP-20N-11G-(1/2/3/4) 
12011	MW	342	IP-20	IP-20N	존제중_존제중:통합형-0727-01_IP-20N-6GU-(1/2/3)	존제중_존제중:통합형-0727-01_IP-20N-6GU-(1/2/3) 
12012	MW	1095	IP-20	IP-20N	노고단_노고R1:통합형-0101-01_IP-20N-6GU-(1/2/3)	노고단_노고R1:통합형-0101-01_IP-20N-6GU-(1/2/3) 
12013	MW	742	XR	XR6000	완도중_1-3036_XR6000-6GU-(1/2/3///P)	완도중_1-3036_XR6000-6GU-(1/2/3///P) 
12014	MW	707	XR	XR6000	금일중_1-3035_XR6000-6GU-(1/2/3///P)	금일중_1-3035_XR6000-6GU-(1/2/3///P) 
12015	MW	707	ECLIPSE	ECLIPSE-INUe	금일중_금일R1:MDM-0203_ECLIPSE-INUe-11G-(1///P1)	금일중_금일R1:MDM-0203_ECLIPSE-INUe-11G-(1///P1) 
12016	MW	756	ECLIPSE	ECLIPSE-INUe	충도_충도R1:MDM-0101_ECLIPSE-INUe-11G-(1///P1)	충도_충도R1:MDM-0101_ECLIPSE-INUe-11G-(1///P1) 
12017	MW	742	IP-20	IP-10G	완도중_완도중:통합형-0303_IP-10G-8G-(1/2)	완도중_완도중:통합형-0303_IP-10G-8G-(1/2) 
12018	MW	1097	IP-20	IP-10G	대모도_모도R1:통합형-0101_IP-10G-8G-(1/2)	대모도_모도R1:통합형-0101_IP-10G-8G-(1/2) 
12019	MW	705	ECLIPSE	ECLIPSE-INUe	구도_구도R1:MDM-0101_ECLIPSE-INUe-6GU-(1///2)	구도_구도R1:MDM-0101_ECLIPSE-INUe-6GU-(1///2) 
12020	MW	742	ECLIPSE	ECLIPSE-INUe	완도중_완도중:MDM-0405_ECLIPSE-INUe-6GU-(1///2)	완도중_완도중:MDM-0405_ECLIPSE-INUe-6GU-(1///2) 
12021	MW	742	IP-20	IP-20C	완도중_완도중:통합형-0407-02_IP-20C-8G-(1/2)	완도중_완도중:통합형-0407-02_IP-20C-8G-(1/2) 
12022	MW	740	IP-20	IP-20C	예작도_예작R1:통합형-0101-01_IP-20C-8G-(1/2)	예작도_예작R1:통합형-0101-01_IP-20C-8G-(1/2) 
12023	MW	1099	CTR	CTR-8312	도솔봉_JN도솔봉중계소:MDM-0101-02_CTR-8312-11G-(1/2)	도솔봉_JN도솔봉중계소:MDM-0101-02_CTR-8312-11G-(1/2) 
12024	MW	728	CTR	CTR-8312	서화도_서화R2:MDM-0101-01_CTR-8312-11G-(1/2)	서화도_서화R2:MDM-0101-01_CTR-8312-11G-(1/2) 
12025	MW	1099	IP-20	IP-20C	도솔봉_JN도솔봉중계소:통합형-0101-05_IP-20C-11G-(1/2)	도솔봉_JN도솔봉중계소:통합형-0101-05_IP-20C-11G-(1/2) 
12026	MW	711	IP-20	IP-20C	노화중_노화R1:통합형-0305-05_IP-20C-11G-(1/2)	노화중_노화R1:통합형-0305-05_IP-20C-11G-(1/2) 
12027	MW	711	IP-20	IP-20C	노화중_노화R1:통합형-0305-01_IP-20C-11G-(1/2)	노화중_노화R1:통합형-0305-01_IP-20C-11G-(1/2) 
12028	MW	708	IP-20	IP-20C	넙도_넙도R1:통합형-0203-01_IP-20C-11G-(1/2)	넙도_넙도R1:통합형-0203-01_IP-20C-11G-(1/2) 
12029	MW	711	IP-20	IP-20N	노화중_노화R1:통합형-0305-02_IP-20N-11G-(1/2)	노화중_노화R1:통합형-0305-02_IP-20N-11G-(1/2) 
12030	MW	708	IP-20	IP-20N	넙도_넙도R1:통합형-0203-02_IP-20N-11G-(1/2)	넙도_넙도R1:통합형-0203-02_IP-20N-11G-(1/2) 
12031	MW	707	IP-20	IP-20C	금일중_금일R1:통합형-0401-01_IP-20C-11G-(1/2)	금일중_금일R1:통합형-0401-01_IP-20C-11G-(1/2) 
12032	MW	748	IP-20	IP-20C	장용(약산)_장용R1:통합형-0202-01_IP-20C-11G-(1/2)	장용(약산)_장용R1:통합형-0202-01_IP-20C-11G-(1/2) 
12033	MW	707	IP-20	IP-20C	금일중_금일R1:통합형-0401-02_IP-20C-11G-(1/2)	금일중_금일R1:통합형-0401-02_IP-20C-11G-(1/2) 
12034	MW	748	IP-20	IP-20C	장용(약산)_장용R1:통합형-0202-02_IP-20C-11G-(1/2)	장용(약산)_장용R1:통합형-0202-02_IP-20C-11G-(1/2) 
12035	MW	748	IP-20	IP-20C	장용(약산)_장용R1:통합형-0202-03_IP-20C-11G-(1/2)	장용(약산)_장용R1:통합형-0202-03_IP-20C-11G-(1/2) 
12036	MW	707	IP-20	IP-20C	금일중_금일R1:통합형-0401-03_IP-20C-11G-(1/2)	금일중_금일R1:통합형-0401-03_IP-20C-11G-(1/2) 
12037	MW	707	IP-20	IP-20C	금일중_금일R1:통합형-0401-04_IP-20C-11G-(1/2)	금일중_금일R1:통합형-0401-04_IP-20C-11G-(1/2) 
12038	MW	748	IP-20	IP-20C	장용(약산)_장용R1:통합형-0202-04_IP-20C-11G-(1/2)	장용(약산)_장용R1:통합형-0202-04_IP-20C-11G-(1/2) 
12039	MW	707	IP-20	IP-20C	금일중_금일R1:통합형-0401-05_IP-20C-8G-(1/2)	금일중_금일R1:통합형-0401-05_IP-20C-8G-(1/2) 
12040	MW	760	IP-20	IP-20C	황재도_황재R1:통합형-0201-01_IP-20C-8G-(1/2)	황재도_황재R1:통합형-0201-01_IP-20C-8G-(1/2) 
12041	MW	754	IP-20	IP-20N	청산도_청산R1:통합형-0201-01_IP-20N-8G-(1/2)	청산도_청산R1:통합형-0201-01_IP-20N-8G-(1/2) 
12042	MW	742	IP-20	IP-20N	완도중_완도중:통합형-0410-04_IP-20N-8G-(1/2)	완도중_완도중:통합형-0410-04_IP-20N-8G-(1/2) 
12043	MW	716	IP-20	IP-20N	덕우도_덕우R2:통합형-0102-01_IP-20N-8G-(1/2)	덕우도_덕우R2:통합형-0102-01_IP-20N-8G-(1/2) 
12044	MW	1099	IP-20	IP-10G	도솔봉_JN도솔봉중계소:통합형-0101_IP-10G-11G-(1/2)	도솔봉_JN도솔봉중계소:통합형-0101_IP-10G-11G-(1/2) 
12045	MW	737	IP-20	IP-10G	어룡도_어룡R2:통합형-0101_IP-10G-11G-(1/2)	어룡도_어룡R2:통합형-0101_IP-10G-11G-(1/2) 
12046	MW	742	IP-20	IP-20C	완도중_완도중:통합형-0407-01_IP-20C-8G-(1/2)	완도중_완도중:통합형-0407-01_IP-20C-8G-(1/2) 
12047	MW	1097	IP-20	IP-20C	대모도_모도R1:통합형-0101-02_IP-20C-8G-(1/2)	대모도_모도R1:통합형-0101-02_IP-20C-8G-(1/2) 
12048	MW	1099	IP-20	IP-20N	도솔봉_JN도솔봉중계소:통합형-0101-03_IP-20N-11G-(1/2)	도솔봉_JN도솔봉중계소:통합형-0101-03_IP-20N-11G-(1/2) 
12049	MW	762	IP-20	IP-20N	흑일도2(M/W국사)_흑일R1:통합형-0101-01_IP-20N-11G-(1/2)	흑일도2(M/W국사)_흑일R1:통합형-0101-01_IP-20N-11G-(1/2) 
12050	MW	742	IP-20	IP-20N	완도중_완도중:통합형-0410-01_IP-20N-11G-(1/2)	완도중_완도중:통합형-0410-01_IP-20N-11G-(1/2) 
12051	MW	726	IP-20	IP-20N	사후도_사후R1:통합형-0101-01_IP-20N-11G-(1/2)	사후도_사후R1:통합형-0101-01_IP-20N-11G-(1/2) 
12052	MW	742	IP-20	IP-20N	완도중_완도중:통합형-0410-02_IP-20N-11G-(1/2)	완도중_완도중:통합형-0410-02_IP-20N-11G-(1/2) 
12053	MW	704	IP-20	IP-20N	고마도_고마R1:통합형-0101-01  _IP-20N-11G-(1/2)	고마도_고마R1:통합형-0101-01  _IP-20N-11G-(1/2) 
12054	MW	707	IP-20	IP-20N	금일중_금일R1:통합형-0103-01_IP-20N-11G-(1/2)	금일중_금일R1:통합형-0103-01_IP-20N-11G-(1/2) 
12055	MW	727	IP-20	IP-20N	생일도_생일R1:통합형-0101-01_IP-20N-11G-(1/2)	생일도_생일R1:통합형-0101-01_IP-20N-11G-(1/2) 
12056	MW	1114	CTR	CTR-8312	금일사동(M/W폐국)_JNWD금일KTF:MDM-0101-01_CTR-8312-11G-(1)	금일사동(M/W폐국)_JNWD금일KTF:MDM-0101-01_CTR-8312-11G-(1) 
12057	MW	1115	CTR	CTR-8312	금일섭도(M/W폐국)_금일섭도BBC함체:MDM-0101-01  _CTR-8312-11G-(1)	금일섭도(M/W폐국)_금일섭도BBC함체:MDM-0101-01  _CTR-8312-11G-(1) 
12058	MW	1004	CTR	CTR-8312	대둔중_대둔중:MDM-0219-03_CTR-8312-8G-(1/2)	대둔중_대둔중:MDM-0219-03_CTR-8312-8G-(1/2) 
12059	MW	763	CTR	CTR-8312	대장구도_대장R2:MDM-0101-01_CTR-8312-8G-(1/2)	대장구도_대장R2:MDM-0101-01_CTR-8312-8G-(1/2) 
12060	MW	703	CTR	CTR-8312	고금넙도_넙도R2:MDM-0101-01_CTR-8312-11G-(1/2)	고금넙도_넙도R2:MDM-0101-01_CTR-8312-11G-(1/2) 
12061	MW	1116	CTR	CTR-8312	고금세동_세동R1:MDM-0101-01_CTR-8312-11G-(1/2)	고금세동_세동R1:MDM-0101-01_CTR-8312-11G-(1/2) 
12062	MW	727	IP-20	IP-20N	생일도_생일R1:통합형-0101-02_IP-20N-11G-(1/2)	생일도_생일R1:통합형-0101-02_IP-20N-11G-(1/2) 
12063	MW	707	IP-20	IP-20N	금일중_금일R1:통합형-0103-02_IP-20N-11G-(1/2)	금일중_금일R1:통합형-0103-02_IP-20N-11G-(1/2) 
12064	MW	742	IP-20	IP-20N	완도중_완도중:통합형-0410-06_IP-20N-8G-(1/2/3/4)	완도중_완도중:통합형-0410-06_IP-20N-8G-(1/2/3/4) 
12065	MW	738	IP-20	IP-20N	여서도_여서R1:통합형-0102-01_IP-20N-8G-(1/2/3/4)	여서도_여서R1:통합형-0102-01_IP-20N-8G-(1/2/3/4) 
12066	MW	707	CTR	CTR-8312	금일중_금일R1:MDM-0202-06_CTR-8312-8G-(1/2)	금일중_금일R1:MDM-0202-06_CTR-8312-8G-(1/2) 
12067	MW	747	CTR	CTR-8312	장도(완도)_장도R4:MDM-0101-01_CTR-8312-11G-(1/2)	장도(완도)_장도R4:MDM-0101-01_CTR-8312-11G-(1/2) 
12068	MW	742	CTR	CTR-8312	완도중_완도중:MDM-0501-01_CTR-8312-8G-(1/2)	완도중_완도중:MDM-0501-01_CTR-8312-8G-(1/2) 
12069	MW	717	CTR	CTR-8312	동화도_동화R2 CTR-8312_CTR-8312-8G-(1/2)	동화도_동화R2 CTR-8312_CTR-8312-8G-(1/2) 
12070	MW	754	IP-20	IP-20N	청산도_청산R1:통합형-0201-02_IP-20N-8G-(1/2)	청산도_청산R1:통합형-0201-02_IP-20N-8G-(1/2) 
12071	MW	707	CTR	CTR-8312	금일중_금일R1:MDM-0202-05_CTR-8312-11G-(1/2)	금일중_금일R1:MDM-0202-05_CTR-8312-11G-(1/2) 
12072	MW	733	CTR	CTR-8312	신도(완도)_신도R1:MDM-0102-01_CTR-8312-11G-(1/2)	신도(완도)_신도R1:MDM-0102-01_CTR-8312-11G-(1/2) 
12073	MW	1099	CTR	CTR-8312	도솔봉_JN도솔봉중계소:MDM-0101-04_CTR-8312-8G-(1/2)	도솔봉_JN도솔봉중계소:MDM-0101-04_CTR-8312-8G-(1/2) 
12074	MW	710	CTR	CTR-8312	노록도_넙도R1:MDM-0101-01_CTR-8312-8G-(1/2)	노록도_넙도R1:MDM-0101-01_CTR-8312-8G-(1/2) 
12075	MW	742	CTR	CTR-8312	완도중_완도중:MDM-0501-02_CTR-8312-11G-(1/2)	완도중_완도중:MDM-0501-02_CTR-8312-11G-(1/2) 
12076	MW	1104	CTR	CTR-8312	소모도_모도R2:MDM-0101-01_CTR-8312-11G-(1/2)	소모도_모도R2:MDM-0101-01_CTR-8312-11G-(1/2) 
12077	MW	756	CTR	CTR-8540	충도_충도R1:0199_CTR-8540-8G-(//1/2)	충도_충도R1:0199_CTR-8540-8G-(//1/2) 
12078	MW	707	CTR	CTR-8540	금일중_금일R1:0199_CTR-8540-11G-(//1/2)	금일중_금일R1:0199_CTR-8540-11G-(//1/2) 
12079	MW	711	CTR	CTR-8540	노화중_노화R1:0199_CTR-8540-11G-(//1/2)	노화중_노화R1:0199_CTR-8540-11G-(//1/2) 
12080	MW	719	CTR	CTR-8540	마안도_마안R1:0102-01_CTR-8540-11G-(//1/2)	마안도_마안R1:0102-01_CTR-8540-11G-(//1/2) 
12081	MW	711	IP-20	IP-20N-D	노화중_노화R1:통합형-0305-03_IP-20N-D-11G-(1/2///5//7)	노화중_노화R1:통합형-0305-03_IP-20N-D-11G-(1/2///5//7) 
12082	MW	708	IP-20	IP-20N-D	넙도_넙도R1:통합형-0203-03_IP-20N-D-11G-(1/2///5//7)	넙도_넙도R1:통합형-0203-03_IP-20N-D-11G-(1/2///5//7) 
12083	MW	742	IP-20	IP-20N	완도중_완도중:통합형-0407-03_IP-20N-8G-(1/2)	완도중_완도중:통합형-0407-03_IP-20N-8G-(1/2) 
12084	MW	742	IP-20	IP-20N	완도중_완도중:통합형-0407-04_IP-20N-8G-(1/2)	완도중_완도중:통합형-0407-04_IP-20N-8G-(1/2) 
12085	MW	742	IP-20	IP-20N	완도중_완도중:통합형-0410-06_IP-20N-8G-(1/2)	완도중_완도중:통합형-0410-06_IP-20N-8G-(1/2) 
12086	MW	738	IP-20	IP-20N	여서도_여서R1:통합형-0102-02_IP-20N-8G-(1/2)	여서도_여서R1:통합형-0102-02_IP-20N-8G-(1/2) 
12087	MW	742	IP-20	IP-20N	완도중_완도중:통합형-0410-05_IP-20N-11G-(1/2)	완도중_완도중:통합형-0410-05_IP-20N-11G-(1/2) 
12088	MW	1097	IP-20	IP-20N	대모도_모도R1:통합형-0101-03_IP-20N-11G-(1/2)	대모도_모도R1:통합형-0101-03_IP-20N-11G-(1/2) 
12089	MW	711	CTR	CTR-8540	노화중_노화R1:MDM-0302-02_CTR-8540-11G-(//1/2)	노화중_노화R1:MDM-0302-02_CTR-8540-11G-(//1/2) 
12090	MW	718	CTR	CTR-8540	마삭도_마삭R1:MDM-0101-01_CTR-8540-11G-(//1/2)	마삭도_마삭R1:MDM-0101-01_CTR-8540-11G-(//1/2) 
12091	MW	707	IP-20	IP-20F	금일중_금일R1:0403-01_IP-20F-11G-(1/2)	금일중_금일R1:0403-01_IP-20F-11G-(1/2) 
12092	MW	713	IP-20	IP-20F	다랑도_다랑R1:통합형-0101-01_IP-20F-11G-(1/2)	다랑도_다랑R1:통합형-0101-01_IP-20F-11G-(1/2) 
12093	MW	1099	CTR	CTR-8540	도솔봉_JN도솔봉중계소:MDM-0101-06_CTR-8540-11G-(//1/2)	도솔봉_JN도솔봉중계소:MDM-0101-06_CTR-8540-11G-(//1/2) 
12094	MW	723	CTR	CTR-8540	백일도_백일R1:MDM-0102-01_CTR-8540-11G-(//1/2)	백일도_백일R1:MDM-0102-01_CTR-8540-11G-(//1/2) 
12095	MW	711	IP-20	IP-20N	노화중_Nohwado-Dangsado-20n_IP-20N-11G-(1/2)	노화중_Nohwado-Dangsado-20n_IP-20N-11G-(1/2) 
12096	MW	714	IP-20	IP-20N	당사도(완도)_당사R2:통합형-0101-01_IP-20N-11G-(1/2)	당사도(완도)_당사R2:통합형-0101-01_IP-20N-11G-(1/2) 
12097	MW	742	CTR	CTR-8312	완도중_완도중-초완도 CTR-8312_CTR-8312-8G-(1)	완도중_완도중-초완도 CTR-8312_CTR-8312-8G-(1) 
12098	MW	755	CTR	CTR-8312	초완도_초완도-완도중 CTR-8312_CTR-8312-8G-(1)	초완도_초완도-완도중 CTR-8312_CTR-8312-8G-(1) 
12099	MW	742	IP-20	IP-20N-D	완도중_완도중:통합형-0103-01_IP-20N-D-6GU-(1/S/2/S/3/S/4/S)	완도중_완도중:통합형-0103-01_IP-20N-D-6GU-(1/S/2/S/3/S/4/S) 
12100	MW	707	IP-20	IP-20N-D	금일중_금일R1:통합형-0103-05_IP-20N-D-6GU-(1/S/2/S/3/S/4/S)	금일중_금일R1:통합형-0103-05_IP-20N-D-6GU-(1/S/2/S/3/S/4/S) 
12101	MW	748	IP-20	IP-20N-D	장용(약산)_장용R1:통합망-2003-05_IP-20N-D-11G-(1/2/3/4)	장용(약산)_장용R1:통합망-2003-05_IP-20N-D-11G-(1/2/3/4) 
12102	MW	707	IP-20	IP-20N-D	금일중_금일R1:통합형-0103-06_IP-20N-D-11G-(1/2/3/4)	금일중_금일R1:통합형-0103-06_IP-20N-D-11G-(1/2/3/4) 
12103	MW	1099	IP-20	IP-20N	도솔봉_도솔-횡간 IP-20N_IP-20N-8G-(1/2)	도솔봉_도솔-횡간 IP-20N_IP-20N-8G-(1/2) 
12104	MW	761	IP-20	IP-20N	횡간도(완도)_횡간-도솔 IP-20N_IP-20N-8G-(1/2)	횡간도(완도)_횡간-도솔 IP-20N_IP-20N-8G-(1/2) 
12105	MW	526	SMR	SMR9600	제주중_제주중:SMR9-0208_SMR9600-6GU-(P/1/2/3/4)	제주중_제주중:SMR9-0208_SMR9600-6GU-(P/1/2/3/4) 
12106	MW	529	SMR	SMR9600	추자중_추자중:SMR9-0311_SMR9600-6GU-(P/1/2/3/4)	추자중_추자중:SMR9-0311_SMR9600-6GU-(P/1/2/3/4) 
12107	MW	522	CDM	CDM-Evolution	세오중_세오중:CDM-0206_CDM-Evolution-6GL-(1/2)	세오중_세오중:CDM-0206_CDM-Evolution-6GL-(1/2) 
12108	MW	299	CDM	CDM-Evolution	가파도_가파도:CDM-0205_CDM-Evolution-6GL-(1/2)	가파도_가파도:CDM-0205_CDM-Evolution-6GL-(1/2) 
12109	MW	481	CDM	CDM-SMR	성산포_성산포:CDM-0113_CDM-SMR-11G-(1/P/2/3/4/5)	성산포_성산포:CDM-0113_CDM-SMR-11G-(1/P/2/3/4/5) 
12110	MW	743	CDM	CDM-SMR	우도_우도:CDM-0202_CDM-SMR-11G-(1/P/2/3/4/5)	우도_우도:CDM-0202_CDM-SMR-11G-(1/P/2/3/4/5) 
12111	MW	522	CDM	CDM-SMR	세오중_세오중:CDM-0209_CDM-SMR-6GL-(1/P/2)	세오중_세오중:CDM-0209_CDM-SMR-6GL-(1/P/2) 
12112	MW	299	CDM	CDM-SMR	가파도_가파도:CDM-0201_CDM-SMR-6GL-(1/P/2)	가파도_가파도:CDM-0201_CDM-SMR-6GL-(1/P/2) 
12113	MW	522	CDM	CDM-SMR	세오중_세오중:CDM-0202_CDM-SMR-6GL-(1/P/2/3)	세오중_세오중:CDM-0202_CDM-SMR-6GL-(1/P/2/3) 
12114	MW	529	CDM	CDM-SMR	추자중_추자중:CDM-0103_CDM-SMR-6GL-(1/P/2/3)	추자중_추자중:CDM-0103_CDM-SMR-6GL-(1/P/2/3) 
12115	MW	481	CDM	CDM-SMR-IP	성산포_성산포:CDM-0207-02_CDM-SMR-IP-11G-(1/2)	성산포_성산포:CDM-0207-02_CDM-SMR-IP-11G-(1/2) 
12116	MW	743	CDM	CDM-SMR-IP	우도_우도:CDM-0103-02_CDM-SMR-IP-11G-(1/2)	우도_우도:CDM-0103-02_CDM-SMR-IP-11G-(1/2) 
12117	MW	529	CDM	CDM-SMR-IP	추자중_추자중:CDM-0104_CDM-SMR-IP-6GL-(1/2)	추자중_추자중:CDM-0104_CDM-SMR-IP-6GL-(1/2) 
12118	MW	522	CDM	CDM-SMR-IP	세오중_세오중:CDM-0203_CDM-SMR-IP-6GL-(1/2)	세오중_세오중:CDM-0203_CDM-SMR-IP-6GL-(1/2) 
12119	MW	529	IP-20	IP-20N	추자중_추자중:통합형-0208-01_IP-20N-8G-(1/2/3/4)	추자중_추자중:통합형-0208-01_IP-20N-8G-(1/2/3/4) 
12120	MW	522	IP-20	IP-20N	세오중_세오중:통합형-0211-01_IP-20N-8G-(1/2/3/4)	세오중_세오중:통합형-0211-01_IP-20N-8G-(1/2/3/4) 
12121	MW	533	IP-20	IP-10G	횡간도(제주)_횡간도:통합형-0101_IP-10G-11G-(1/2)	횡간도(제주)_횡간도:통합형-0101_IP-10G-11G-(1/2) 
12122	MW	529	IP-20	IP-10G	추자중_추자중:통합형-0112_IP-10G-11G-(1/2)	추자중_추자중:통합형-0112_IP-10G-11G-(1/2) 
12123	MW	529	IP-20	IP-20N	추자중_추자중:통합형-0209-01_IP-20N-8G-(1/2/3/4)	추자중_추자중:통합형-0209-01_IP-20N-8G-(1/2/3/4) 
12124	MW	481	CDM	CDM-SMR-IP	성산포_성산포:CDM-0207-01_CDM-SMR-IP-11G-(1/2)	성산포_성산포:CDM-0207-01_CDM-SMR-IP-11G-(1/2) 
12125	MW	743	CDM	CDM-SMR-IP	우도_우도:CDM-0103-01_CDM-SMR-IP-11G-(1/2)	우도_우도:CDM-0103-01_CDM-SMR-IP-11G-(1/2) 
12126	MW	489	IP-20	IP-20C	종달기지국_종달:통합형-0103-03_IP-20C-11G-(1/2/)	종달기지국_종달:통합형-0103-03_IP-20C-11G-(1/2/) 
12127	MW	489	IP-20	IP-20C	종달기지국_종달:통합형-0103-04_IP-20C-11G-(3/4)	종달기지국_종달:통합형-0103-04_IP-20C-11G-(3/4) 
12128	MW	743	IP-20	IP-20C	우도_우도:통합형-0105-03_IP-20C-11G-(1/2/)	우도_우도:통합형-0105-03_IP-20C-11G-(1/2/) 
12129	MW	743	IP-20	IP-20C	우도_우도:통합형-0105-04_IP-20C-11G-(3/4)	우도_우도:통합형-0105-04_IP-20C-11G-(3/4) 
12130	MW	529	IP-20	IP-20N	추자중_추자중:통합형-0209-02_IP-20N-8G-(1/2/3/4)	추자중_추자중:통합형-0209-02_IP-20N-8G-(1/2/3/4) 
12131	MW	472	IP-20	IP-20N	마라도_마라도:통합형-0102-01_IP-20N-8G-(1/2/3/4)	마라도_마라도:통합형-0102-01_IP-20N-8G-(1/2/3/4) 
12132	MW	522	IP-20	IP-20N	세오중_세오중:통합형-0208-01_IP-20N-8G-(1/2/3/4)	세오중_세오중:통합형-0208-01_IP-20N-8G-(1/2/3/4) 
12133	MW	299	CTR	CTR-8540	가파도_가파도:MDM-0205-01_CTR-8540-8G-(//1/2)	가파도_가파도:MDM-0205-01_CTR-8540-8G-(//1/2) 
12134	MW	522	CTR	CTR-8540	세오중_세오중:MDM-0206-01_CTR-8540-8G-(//1/2)	세오중_세오중:MDM-0206-01_CTR-8540-8G-(//1/2) 
12135	MW	489	IP-20	IP-20N	종달기지국_종달:통합형-0103-01_IP-20N-11G-(1/2/3/4)	종달기지국_종달:통합형-0103-01_IP-20N-11G-(1/2/3/4) 
12136	MW	743	IP-20	IP-20N	우도_우도:통합형-0105-01_IP-20N-11G-(1/2/3/4)	우도_우도:통합형-0105-01_IP-20N-11G-(1/2/3/4) 
12137	MW	529	CTR	CTR-8312	추자중_추자중:통합형-0112-02_CTR-8312-11G-(1)	추자중_추자중:통합형-0112-02_CTR-8312-11G-(1) 
12138	MW	530	CTR	CTR-8312	추포도(제주)_추포도:MDM-0101-01_CTR-8312-11G-(1)	추포도(제주)_추포도:MDM-0101-01_CTR-8312-11G-(1) 
12139	MW	522	IP-20	IP-20N	세오중_세오중:통합형-0211-02_IP-20N-8G-(1/2/3/4)	세오중_세오중:통합형-0211-02_IP-20N-8G-(1/2/3/4) 
12140	MW	529	IP-20	IP-20N	추자중_추자중:통합형-0208-02_IP-20N-8G-(1/2/3/4)	추자중_추자중:통합형-0208-02_IP-20N-8G-(1/2/3/4) 
12141	MW	302	CTR	CTR-8540	무릉송신소_무릉송신소:MDM-0104-02_CTR-8540-11G-(//1/2)	무릉송신소_무릉송신소:MDM-0104-02_CTR-8540-11G-(//1/2) 
12142	MW	302	IP-20	IP-20N-D	무릉송신소_무릉송신소:통합형-0104-01_IP-20N-D-8G-(1/2/3/4)	무릉송신소_무릉송신소:통합형-0104-01_IP-20N-D-8G-(1/2/3/4) 
12143	MW	299	CTR	CTR-8540	가파도_가파도:MDM-0205-02_CTR-8540-11G-(//1/2)	가파도_가파도:MDM-0205-02_CTR-8540-11G-(//1/2) 
12144	MW	472	IP-20	IP-20N-D	마라도_마라도:통합형-0102-02_IP-20N-D-8G-(1/2/3/4)	마라도_마라도:통합형-0102-02_IP-20N-D-8G-(1/2/3/4) 
12145	MW	529	IP-20	IP-20N-D	추자중_추자중:통합형-0112-01_IP-20N-D-8G-(1/S/2/S/3/S/4/S/5/S/6/S)	추자중_추자중:통합형-0112-01_IP-20N-D-8G-(1/S/2/S/3/S/4/S/5/S/6/S) 
12146	MW	489	IP-20	IP-20N	종달기지국_종달:통합형-0103-02_IP-20N-11G-(1/2/3/4)	종달기지국_종달:통합형-0103-02_IP-20N-11G-(1/2/3/4) 
12147	MW	743	IP-20	IP-20N	우도_우도:통합형-0105-02_IP-20N-11G-(1/2/3/4)	우도_우도:통합형-0105-02_IP-20N-11G-(1/2/3/4) 
12148	MW	522	IP-20	IP-20N-D	세오중_Seorum-Biyangdo-20N_IP-20N-D-8G-(1/2///////3/4/4)	세오중_Seorum-Biyangdo-20N_IP-20N-D-8G-(1/2///////3/4/4) 
12149	MW	971	IP-20	IP-20N-D	비양도_Biyangdo-Hyupjae_IP-20N-D-11G-(1/2)	비양도_Biyangdo-Hyupjae_IP-20N-D-11G-(1/2) 
12150	MW	1110	IP-20	IP-20N-D	협재SKT기지국_Hyupjae-Biyangdo_IP-20N-D-11G-(1/2)	협재SKT기지국_Hyupjae-Biyangdo_IP-20N-D-11G-(1/2) 
12151	MW	475	IP-20	IP-20N	서귀중_seoguipo-sammae_IP-20N-11G-(1/2)	서귀중_seoguipo-sammae_IP-20N-11G-(1/2) 
12152	MW	1100	IP-20	IP-20N	삼매중_sammae-seoguipo_IP-20N-11G-(1/2)	삼매중_sammae-seoguipo_IP-20N-11G-(1/2) 
12153	MW	522	IP-20	IP-20N-D	세오중_Seorum-Chuja-4G_IP-20N-D-4G -(1/S/2/S/3/S/4/S/5/S/6/S)	세오중_Seorum-Chuja-4G_IP-20N-D-4G -(1/S/2/S/3/S/4/S/5/S/6/S) 
12154	MW	529	IP-20	IP-20N-D	추자중_Chula-Seorum-4G_IP-20N-D-4G -(1/S/2/S/3/S/4/S/5/S/6/S)	추자중_Chula-Seorum-4G_IP-20N-D-4G -(1/S/2/S/3/S/4/S/5/S/6/S) 
12155	MW	971	IP-20	IP-20N-D	비양도_Biyangdo-Seroum-20N_IP-20N-D-8G-(1/2///////3/4)	비양도_Biyangdo-Seroum-20N_IP-20N-D-8G-(1/2///////3/4) 
12156	MW	526	IP-20	IP-20N-D	제주중_제주중:통합형-0201_IP-20N-D-8G-(1/2)	제주중_제주중:통합형-0201_IP-20N-D-8G-(1/2) 
12157	MW	1094	IP-20	IP-20N-D	견월KBS_견월악KBS:통합형=0101_IP-20N-D-8G-(1/2)	견월KBS_견월악KBS:통합형=0101_IP-20N-D-8G-(1/2) 
12158	MW	522	IP-20	IP-20N	세오중_세오중:통합형-0204_IP-20N-6GU-(1/2)	세오중_세오중:통합형-0204_IP-20N-6GU-(1/2) 
12159	MW	472	IP-20	IP-20N	마라도_마라도:통합형-0104_IP-20N-6GU-(1/2)	마라도_마라도:통합형-0104_IP-20N-6GU-(1/2) 
12160	MW	267	SMR	SMR9600	서도_Seodo_Nammangsan_SMR9600-6GL-(P/1/2/3////7/5/9)	서도_Seodo_Nammangsan_SMR9600-6GL-(P/1/2/3////7/5/9) 
12161	MW	286	ECLIPSE	ECLIPSE-INUe	함구미_Hamgumee_Yeondo_ECLIPSE-INUe-11G-(1///P1)	함구미_Hamgumee_Yeondo_ECLIPSE-INUe-11G-(1///P1) 
12162	MW	275	ECLIPSE	ECLIPSE-INUe	연도(여수)_Yeondo_Hamgumee_ECLIPSE-INUe-11G-(1///P1)	연도(여수)_Yeondo_Hamgumee_ECLIPSE-INUe-11G-(1///P1) 
12163	MW	265	ECLIPSE	ECLIPSE-INUe	마래중_MDM-0103_ECLIPSE-INUe-11G-(1///P1)	마래중_MDM-0103_ECLIPSE-INUe-11G-(1///P1) 
12164	MW	265	ECLIPSE	ECLIPSE-INUe	마래중_마래중 MDM-0101_ECLIPSE-INUe-11G-(1///P1)	마래중_마래중 MDM-0101_ECLIPSE-INUe-11G-(1///P1) 
12165	MW	258	ECLIPSE	ECLIPSE-INUe	금죽도_Gumjukdo_Maraesan_ECLIPSE-INUe-11G-(1///P1)	금죽도_Gumjukdo_Maraesan_ECLIPSE-INUe-11G-(1///P1) 
12166	MW	278	ECLIPSE	ECLIPSE-INUe	자봉도_Jabongdo_Maraesan_ECLIPSE-INUe-11G-(1///P1)	자봉도_Jabongdo_Maraesan_ECLIPSE-INUe-11G-(1///P1) 
12167	MW	265	ECLIPSE	ECLIPSE-INUe	마래중_마래중 MDM-0207_ECLIPSE-INUe-8G-(1///P1)	마래중_마래중 MDM-0207_ECLIPSE-INUe-8G-(1///P1) 
12168	MW	253	ECLIPSE	ECLIPSE-INUe	개도(여수)_gaedo_ECLIPSE-INUe-8G-(1///P1)	개도(여수)_gaedo_ECLIPSE-INUe-8G-(1///P1) 
12169	MW	265	CDM	CDM-SMR	마래중_마래중 CDM-0303_CDM-SMR-6GL-(/4//3)	마래중_마래중 CDM-0303_CDM-SMR-6GL-(/4//3) 
12170	MW	286	CDM	CDM-SMR	함구미_Hamgumi1_CDM-SMR-6GL-(/2//4)	함구미_Hamgumi1_CDM-SMR-6GL-(/2//4) 
12171	MW	36	IP-20	IP-10G	나로중_Naro_Hwatae_IP-10G-6GU-(1/2)	나로중_Naro_Hwatae_IP-10G-6GU-(1/2) 
12172	MW	287	IP-20	IP-10G	화태_Hwatae_Naro_IP-10G-6GU-(1/2)	화태_Hwatae_Naro_IP-10G-6GU-(1/2) 
12173	MW	287	IP-20	IP-10G	화태_Hwatae_Sanghwa_IP-10G-11G-(1/2)	화태_Hwatae_Sanghwa_IP-10G-11G-(1/2) 
12174	MW	1090	IP-20	IP-10G	상화도(여수)_Sanghwa_Hwatae_IP-10G-11G-(1/2)	상화도(여수)_Sanghwa_Hwatae_IP-10G-11G-(1/2) 
12175	MW	286	IP-20	IP-20C	함구미_HamGoo_Naro_f2_IP-20C-8G-(1/2)	함구미_HamGoo_Naro_f2_IP-20C-8G-(1/2) 
12176	MW	286	IP-20	IP-20C	함구미_Hamgoo_Naro_f4_IP-20C-8G-(1/2)	함구미_Hamgoo_Naro_f4_IP-20C-8G-(1/2) 
12177	MW	282	IP-20	IP-20C	초도_Chodo_Naro_f1_IP-20C-6GU-(1/2)	초도_Chodo_Naro_f1_IP-20C-6GU-(1/2) 
12178	MW	282	IP-20	IP-20C	초도_Chodo_Naro_f3_IP-20C-6GU-(1/2)	초도_Chodo_Naro_f3_IP-20C-6GU-(1/2) 
12179	MW	36	IP-20	IP-20C	나로중_나로중 통합형-0307-02_IP-20C-8G-(1/2)	나로중_나로중 통합형-0307-02_IP-20C-8G-(1/2) 
12180	MW	36	IP-20	IP-20C	나로중_나로중 통합형-0501-05_IP-20C-6GU-(1/2)	나로중_나로중 통합형-0501-05_IP-20C-6GU-(1/2) 
12181	MW	36	IP-20	IP-20C	나로중_나로중 통합형-0501-06_IP-20C-6GU-(1/2)	나로중_나로중 통합형-0501-06_IP-20C-6GU-(1/2) 
12182	MW	36	SMR	SMR9600	나로중_나로 SMR9-0405_SMR9600-6GL-(P/1/2/3)	나로중_나로 SMR9-0405_SMR9600-6GL-(P/1/2/3) 
12183	MW	267	SMR	SMR9600	서도_Seodo_Narodo_SMR9600-6GL-(P/1/2/3)	서도_Seodo_Narodo_SMR9600-6GL-(P/1/2/3) 
12184	MW	742	SMR	SMR9600	완도중_Nammangsan_Seodo_SMR9600-6GL-(P/1/2/3////7/8/9)	완도중_Nammangsan_Seodo_SMR9600-6GL-(P/1/2/3////7/8/9) 
12185	MW	46	IP-20	IP-20C	동강_DongGang-Yeoja-f2_IP-20C-8G-(1/2)	동강_DongGang-Yeoja-f2_IP-20C-8G-(1/2) 
12186	MW	46	IP-20	IP-20C	동강_DonGang-YeoJa-f4_IP-20C-8G-(1/2)	동강_DonGang-YeoJa-f4_IP-20C-8G-(1/2) 
12187	MW	273	IP-20	IP-20C	여자도_YeoJa-DongGang-f4_IP-20C-8G-(1/2)	여자도_YeoJa-DongGang-f4_IP-20C-8G-(1/2) 
12188	MW	273	IP-20	IP-20C	여자도_YeoJa-DongGang-f2_IP-20C-8G-(1/2)	여자도_YeoJa-DongGang-f2_IP-20C-8G-(1/2) 
12189	MW	267	IP-20	IP-20N	서도_Seodo-Wando-20N#1_IP-20N-8G-(1/2/3/4)	서도_Seodo-Wando-20N#1_IP-20N-8G-(1/2/3/4) 
12190	MW	742	IP-20	IP-20N	완도중_완도중:통합형-0410-07_IP-20N-8G-(1/2/3/4)	완도중_완도중:통합형-0410-07_IP-20N-8G-(1/2/3/4) 
12191	MW	287	CTR	CTR-8312	화태_Hwatae-Hyengan_CTR-8312-11G-(1/2)	화태_Hwatae-Hyengan_CTR-8312-11G-(1/2) 
12192	MW	289	CTR	CTR-8312	횡간도(여수)_Hyengsan-Hwate_CTR-8312-11G-(1/2)	횡간도(여수)_Hyengsan-Hwate_CTR-8312-11G-(1/2) 
12193	MW	46	CTR	CTR-8312	동강_Donggang-Haedo_CTR-8312-11G-(1/2)	동강_Donggang-Haedo_CTR-8312-11G-(1/2) 
12194	MW	345	CTR	CTR-8312	해도_Haedo-Donggang_CTR-8312-11G-(1/2)	해도_Haedo-Donggang_CTR-8312-11G-(1/2) 
12195	MW	649	CTR	CTR-8312	율촌_Yulchon-Songdo_CTR-8312-11G-(1/2)	율촌_Yulchon-Songdo_CTR-8312-11G-(1/2) 
12196	MW	581	CTR	CTR-8312	송도(율촌)_Songdo-Yulchon_CTR-8312-11G-(1/2)	송도(율촌)_Songdo-Yulchon_CTR-8312-11G-(1/2) 
12197	MW	286	IP-20	IP-20N	함구미_Hamgumee-Hwatae_IP-20N-11G-(1/2/3/4)	함구미_Hamgumee-Hwatae_IP-20N-11G-(1/2/3/4) 
12198	MW	287	IP-20	IP-20N	화태_Hwatae-Hamgumee_IP-20N-11G-(1/2/3/4)	화태_Hwatae-Hamgumee_IP-20N-11G-(1/2/3/4) 
12199	MW	286	IP-20	IP-20N	함구미_Hamgumee-Yendo_IP-20N-8G-(1/2/3/4)	함구미_Hamgumee-Yendo_IP-20N-8G-(1/2/3/4) 
12200	MW	275	IP-20	IP-20N	연도(여수)_Yendo-Hamgumee_IP-20N-8G-(1/2/3/4)	연도(여수)_Yendo-Hamgumee_IP-20N-8G-(1/2/3/4) 
12201	MW	198	CTR	CTR-8312	녹동중_녹동중 MDM-0102-02_CTR-8312-11G-(1/2)	녹동중_녹동중 MDM-0102-02_CTR-8312-11G-(1/2) 
12202	MW	202	CTR	CTR-8312	상화도(고흥)_SangHwa-Nokdong_CTR-8312-11G-(1/2)	상화도(고흥)_SangHwa-Nokdong_CTR-8312-11G-(1/2) 
12203	MW	265	CTR	CTR-8312	마래중_마래중 MDM-0207-01_CTR-8312-11G-(1/2)	마래중_마래중 MDM-0207-01_CTR-8312-11G-(1/2) 
12204	MW	268	CTR	CTR-8312	소경도_Sokyung-Marae_CTR-8312-11G-(1/2)	소경도_Sokyung-Marae_CTR-8312-11G-(1/2) 
12205	MW	265	CTR	CTR-8312	마래중_마래중 MDM-0207-02_CTR-8312-8G-(1/2)	마래중_마래중 MDM-0207-02_CTR-8312-8G-(1/2) 
12206	MW	270	CTR	CTR-8312	송도(군내)_Songdo-Marae_CTR-8312-8G-(1/2)	송도(군내)_Songdo-Marae_CTR-8312-8G-(1/2) 
12207	MW	287	CTR	CTR-8312	화태_Hwatae-Sodura_CTR-8312-11G-(1)	화태_Hwatae-Sodura_CTR-8312-11G-(1) 
12208	MW	262	CTR	CTR-8312	소두라도_Sodura-Hwatae_CTR-8312-11G-(1)	소두라도_Sodura-Hwatae_CTR-8312-11G-(1) 
12209	MW	36	CTR	CTR-8312	나로중_나로중 MDM-0501-01_CTR-8312-11G-(1/2)	나로중_나로중 MDM-0501-01_CTR-8312-11G-(1/2) 
12210	MW	204	CTR	CTR-8312	수락도_Surak-Naro_CTR-8312-11G-(1/2)	수락도_Surak-Naro_CTR-8312-11G-(1/2) 
12211	MW	36	CTR	CTR-8312	나로중_나로중 MDM-0501-07_CTR-8312-8G-(1)	나로중_나로중 MDM-0501-07_CTR-8312-8G-(1) 
12212	MW	1089	CTR	CTR-8312	부도(여수)_Budo-Naro_8540_CTR-8312-8G-(1)	부도(여수)_Budo-Naro_8540_CTR-8312-8G-(1) 
12213	MW	198	CTR	CTR-8540	녹동중_녹동중 MDM-0102-01_CTR-8540-11G-(//1/2)	녹동중_녹동중 MDM-0102-01_CTR-8540-11G-(//1/2) 
12214	MW	201	CTR	CTR-8540	득량도_Duryang-Nokdong_CTR-8540-11G-(//1/2)	득량도_Duryang-Nokdong_CTR-8540-11G-(//1/2) 
12215	MW	287	IP-20	IP-20N	화태_Hwatae-Hamgumee-V-STM_IP-20N-11G-(1/2/3/4)	화태_Hwatae-Hamgumee-V-STM_IP-20N-11G-(1/2/3/4) 
12216	MW	286	IP-20	IP-20N	함구미_Hamgumee-Hwatae-V-STM_IP-20N-11G-(1/2/3/4)	함구미_Hamgumee-Hwatae-V-STM_IP-20N-11G-(1/2/3/4) 
12217	MW	742	IP-20	IP-20N	완도중_완도중:통합형-0410-08_IP-20N-8G-(1/2/3/4)	완도중_완도중:통합형-0410-08_IP-20N-8G-(1/2/3/4) 
12218	MW	267	IP-20	IP-20N	서도_Seodo-Wando-20N#2-STM_IP-20N-8G-(1/2/3/4)	서도_Seodo-Wando-20N#2-STM_IP-20N-8G-(1/2/3/4) 
12219	MW	742	IP-20	IP-20N	완도중_완도중:통합형-0410-05_IP-20N-8G-(1/2)	완도중_완도중:통합형-0410-05_IP-20N-8G-(1/2) 
12220	MW	267	IP-20	IP-20N	서도_Seodo-Wando-20N#3-STM_IP-20N-8G-(1/2)	서도_Seodo-Wando-20N#3-STM_IP-20N-8G-(1/2) 
12221	MW	36	IP-20	IP-20N	나로중_나로중 통합형-0501-04_IP-20N-8G-(1/2)	나로중_나로중 통합형-0501-04_IP-20N-8G-(1/2) 
12222	MW	269	IP-20	IP-20N	손죽도_Sonjukdo-Narodo_IP-20N-8G-(1/2)	손죽도_Sonjukdo-Narodo_IP-20N-8G-(1/2) 
12223	MW	287	CTR	CTR-8312	화태_Hwatae-Sohyengan_CTR-8312-11G-(1)	화태_Hwatae-Sohyengan_CTR-8312-11G-(1) 
12224	MW	290	CTR	CTR-8312	소횡간도_Sohyengan-Hwatae_CTR-8312-11G-(1)	소횡간도_Sohyengan-Hwatae_CTR-8312-11G-(1) 
12225	MW	36	IP-20	IP-20N	나로중_나로중 통합형-0501-03_IP-20N-8G-(1/2/3/4)	나로중_나로중 통합형-0501-03_IP-20N-8G-(1/2/3/4) 
12226	MW	52	IP-20	IP-20N	시산도_sisan-naro-20N_IP-20N-8G-(1/2/3/4)	시산도_sisan-naro-20N_IP-20N-8G-(1/2/3/4) 
12227	MW	265	IP-20	IP-20N	마래중_마래중 통합형-0504-02_IP-20N-8G-(1/2/3/4)	마래중_마래중 통합형-0504-02_IP-20N-8G-(1/2/3/4) 
12228	MW	253	IP-20	IP-20N	개도(여수)_Gaedo-Marae_IP20N_IP-20N-8G-(1/2/3/4)	개도(여수)_Gaedo-Marae_IP20N_IP-20N-8G-(1/2/3/4) 
12229	MW	339	CDM	CDM-SMR-IP+	장도(여수)_Jangdo-Jonjae_CDM-SMR-IP+-6GU-(1/2/3)	장도(여수)_Jangdo-Jonjae_CDM-SMR-IP+-6GU-(1/2/3) 
12230	MW	269	CTR	CTR-8312	손죽도_MDM-0105-01_CTR-8312-11G-(1/2)	손죽도_MDM-0105-01_CTR-8312-11G-(1/2) 
12231	MW	284	CTR	CTR-8312	평도_Pyungdo-Sonjuk-8312_CTR-8312-8G-(1/2)	평도_Pyungdo-Sonjuk-8312_CTR-8312-8G-(1/2) 
12232	MW	269	CTR	CTR-8312	손죽도_MDM-0105-02_CTR-8312-11G-(1/2)	손죽도_MDM-0105-02_CTR-8312-11G-(1/2) 
12233	MW	255	CTR	CTR-8312	소거문도_Sogumun-Sonjuk-8312_CTR-8312-11G-(1/2)	소거문도_Sogumun-Sonjuk-8312_CTR-8312-11G-(1/2) 
12234	MW	206	CTR	CTR-8540	오천_Ocheun-SonjukVTS_CTR-8540-8G-(//1/2/3/4)	오천_Ocheun-SonjukVTS_CTR-8540-8G-(//1/2/3/4) 
12235	MW	1117	CTR	CTR-8540	손죽도VTS_SonjukVTS-Ocheun_CTR-8540-8G-(//1/2/3/4)	손죽도VTS_SonjukVTS-Ocheun_CTR-8540-8G-(//1/2/3/4) 
12236	MW	46	CTR	CTR-8540	동강_Donggang-Jijudo-CTR8540_CTR-8540-11G-(//1/2)	동강_Donggang-Jijudo-CTR8540_CTR-8540-11G-(//1/2) 
12237	MW	343	CTR	CTR-8540	지주도_Jijudo-Donggang_CTR8540_CTR-8540-11G-(//1/2)	지주도_Jijudo-Donggang_CTR8540_CTR-8540-11G-(//1/2) 
12238	MW	46	CTR	CTR-8540	동강_Dongang-Jangdo-8540_CTR-8540-11G-(//1/2)	동강_Dongang-Jangdo-8540_CTR-8540-11G-(//1/2) 
12239	MW	36	IP-20	IP-20N-D	나로중_나로중 통합형-0501-07_IP-20N-D-8G-(1/2/S/S/3/4/S/S)	나로중_나로중 통합형-0501-07_IP-20N-D-8G-(1/2/S/S/3/4/S/S) 
12240	MW	267	IP-20	IP-20N-D	서도_Seodo-Naro-BBSD_IP-20N-D-8G-(1/2///3/4)	서도_Seodo-Naro-BBSD_IP-20N-D-8G-(1/2///3/4) 
12241	MW	287	CTR	CTR-8540	화태_Hwatae-Dura-8540_CTR-8540-11G-(//1/2/3/4)	화태_Hwatae-Dura-8540_CTR-8540-11G-(//1/2/3/4) 
12242	MW	261	CTR	CTR-8540	대두라도_Dura-Hwatae-8540_CTR-8540-11G-(//1/2/3/4)	대두라도_Dura-Hwatae-8540_CTR-8540-11G-(//1/2/3/4) 
12243	MW	339	CTR	CTR-8540	장도(여수)_Jangdo-Dongang-8540_CTR-8540-11G-(//1/2)	장도(여수)_Jangdo-Dongang-8540_CTR-8540-11G-(//1/2) 
12244	MW	36	CTR	CTR-8312	나로중_Narodo-Sado_CTR-8312-8G-(1/2)	나로중_Narodo-Sado_CTR-8312-8G-(1/2) 
12245	MW	286	IP-20	IP-20N-D	함구미_Hamgumi-Yundo-20N-D-HP_IP-20N-D-8G-(1/2///3/4)	함구미_Hamgumi-Yundo-20N-D-HP_IP-20N-D-8G-(1/2///3/4) 
12246	MW	266	CTR	CTR-8312	사도_Sado-Naro_CTR#1_CTR-8312-8G-(1/2)	사도_Sado-Naro_CTR#1_CTR-8312-8G-(1/2) 
12247	MW	275	IP-20	IP-20N-D	연도(여수)_Yundo-Hamgumi-20N-D-HP_IP-20N-D-8G-(1/2///3/4)	연도(여수)_Yundo-Hamgumi-20N-D-HP_IP-20N-D-8G-(1/2///3/4) 
12248	MW	46	CTR	CTR-8312	동강_Dongang_Jinji-CTR-8312_CTR-8312-11G-(1/2)	동강_Dongang_Jinji-CTR-8312_CTR-8312-11G-(1/2) 
12249	MW	62	CTR	CTR-8312	진지도_Jinji_dongang_8312_CTR-8312-11G-(1/2)	진지도_Jinji_dongang_8312_CTR-8312-11G-(1/2) 
12250	MW	36	IP-20	IP-20F	나로중_나로중-추도IP-20N-F _IP-20F-8G-(1/2)	나로중_나로중-추도IP-20N-F _IP-20F-8G-(1/2) 
12251	MW	283	IP-20	IP-20F	추도(여수)_추도-나로중 IP-20F_IP-20F-8G-(1/2)	추도(여수)_추도-나로중 IP-20F_IP-20F-8G-(1/2) 
12252	MW	36	IP-20	IP-20F	나로중_나로중-허우도 IP-20F_IP-20F-8G-(1/2)	나로중_나로중-허우도 IP-20F_IP-20F-8G-(1/2) 
12253	MW	209	IP-20	IP-20F	허우도_허우도-나로중 IP-20F_IP-20F-8G-(1/2)	허우도_허우도-나로중 IP-20F_IP-20F-8G-(1/2) 
12254	MW	287	CTR	CTR-8540	화태_Hwatae-Jedo_CTR-8540-8G-(//1/2)	화태_Hwatae-Jedo_CTR-8540-8G-(//1/2) 
12255	MW	280	CTR	CTR-8540	제도_Jedo-Hwatae_CTR-8540-8G-(//1/2)	제도_Jedo-Hwatae_CTR-8540-8G-(//1/2) 
12256	MW	342	CDM	CDM-SMR-IP+	존제중_존제중:CDM-0207_CDM-SMR-IP+-6GU-(1/2/3)	존제중_존제중:CDM-0207_CDM-SMR-IP+-6GU-(1/2/3) 
12257	MW	286	IP-20	IP-20N-D	함구미_함구미-화태 IP-20N-D_IP-20N-D-11G-(1/2)	함구미_함구미-화태 IP-20N-D_IP-20N-D-11G-(1/2) 
12258	MW	287	IP-20	IP-20N-D	화태_화태-함구미 IP-20N-D_IP-20N-D-11G-(1/2)	화태_화태-함구미 IP-20N-D_IP-20N-D-11G-(1/2) 
12259	MW	36	IP-20	IP-20N	나로중_나로중-손죽도IP-20N-2_IP-20N-8G-(1/2)	나로중_나로중-손죽도IP-20N-2_IP-20N-8G-(1/2) 
12260	MW	269	IP-20	IP-20N	손죽도_손죽도-나로중 IP-20N-2_IP-20N-8G-(1/2)	손죽도_손죽도-나로중 IP-20N-2_IP-20N-8G-(1/2) 
12261	MW	267	IP-20	IP-20N-D	서도_서도중-초도상산 IP-20N _IP-20N-D-8G-(1/2///////3////4)	서도_서도중-초도상산 IP-20N _IP-20N-D-8G-(1/2///////3////4) 
12262	MW	1118	IP-20	IP-20N-D	초도상산봉_초도상상-서도-20N-D_IP-20N-D-8G-(1/S///////2////3)	초도상산봉_초도상상-서도-20N-D_IP-20N-D-8G-(1/S///////2////3) 
12263	MW	36	CTR	CTR-8540	나로중_Narodo-Soyujado-8540_CTR-8540-6GU-(1/2)	나로중_Narodo-Soyujado-8540_CTR-8540-6GU-(1/2) 
12264	MW	274	CTR	CTR-8540	소여자도_Soyujado-Narodo-8540_CTR-8540-6GU-(2/2)	소여자도_Soyujado-Narodo-8540_CTR-8540-6GU-(2/2) 
12265	MW	46	CTR	CTR-8540	동강_Dongang-8Yujado-540_CTR-8540-8G-(1/2)	동강_Dongang-8Yujado-540_CTR-8540-8G-(1/2) 
12266	MW	273	CTR	CTR-8540	여자도_Yujado-Dongang-8540_CTR-8540-8G-(1/2)	여자도_Yujado-Dongang-8540_CTR-8540-8G-(1/2) 
12267	MW	265	CTR	CTR-8540	마래중_Maraesan-Yado-8540_CTR-8540-11G-(1/2)	마래중_Maraesan-Yado-8540_CTR-8540-11G-(1/2) 
12268	MW	272	CTR	CTR-8540	야도_Yado-Maraesan-8540_CTR-8540-11G-(1/2)	야도_Yado-Maraesan-8540_CTR-8540-11G-(1/2) 
12269	MW	198	IP-20	IP-20N	녹동중_녹동중-죽도IP-20N_IP-20N-8G-(1/2)	녹동중_녹동중-죽도IP-20N_IP-20N-8G-(1/2) 
12270	MW	207	IP-20	IP-20N	죽도(고흥)_Jukdo-Nokdong-20n_IP-20N-8G-(1/2)	죽도(고흥)_Jukdo-Nokdong-20n_IP-20N-8G-(1/2) 
12271	MW	198	CTR	CTR-8540	녹동중_Nokdong-Gumdangdo-8540_CTR-8540-8G-(1/2/3/4)	녹동중_Nokdong-Gumdangdo-8540_CTR-8540-8G-(1/2/3/4) 
12272	MW	196	CTR	CTR-8540	금당도_CTR-8540_CTR-8540-8G-(1/2/3/4)	금당도_CTR-8540_CTR-8540-8G-(1/2/3/4) 
12273	MW	36	CTR	CTR-8540	나로중_Narodo-Hamgime-8540_CTR-8540-8G-(1/2/3/4)	나로중_Narodo-Hamgime-8540_CTR-8540-8G-(1/2/3/4) 
12274	MW	286	CTR	CTR-8540	함구미_Hamgume-Narodo-8540_CTR-8540-8G-(1/2/3/4)	함구미_Hamgume-Narodo-8540_CTR-8540-8G-(1/2/3/4) 
12275	MW	110	IP-20	IP-10G	군산무선국_(군무-선유)IP-10G_IP-10G-6GU-(1/2/3/4)	군산무선국_(군무-선유)IP-10G_IP-10G-6GU-(1/2/3/4) 
12276	MW	463	IP-20	IP-10G	선유도_Sunyudo-Gunsan_IP-10G-6GU-(1/2/3/4)	선유도_Sunyudo-Gunsan_IP-10G-6GU-(1/2/3/4) 
12277	MW	110	FibeAir	FibeAir 3200T	군산무선국_(군무-개야)CER-3200T_FibeAir 3200T-6GU-(1/2)	군산무선국_(군무-개야)CER-3200T_FibeAir 3200T-6GU-(1/2) 
12278	MW	454	FibeAir	FibeAir 3200T	개야도_Geyado_Gunsan_FibeAir 3200T-6GU-(1/2)	개야도_Geyado_Gunsan_FibeAir 3200T-6GU-(1/2) 
12279	MW	466	CDM	CDM-SMR	어청도_Eochungdo_CDM-SMR-4G -(1/2)	어청도_Eochungdo_CDM-SMR-4G -(1/2) 
12280	MW	1108	CDM	CDM-SMR	의상중_Uisangbong_CDM-SMR-4G -(1/2)	의상중_Uisangbong_CDM-SMR-4G -(1/2) 
12281	MW	1108	CDM	CDM-SMR-IP	의상중_Uisangbong_IP_CDM-SMR-IP-4G -(1/2)	의상중_Uisangbong_IP_CDM-SMR-IP-4G -(1/2) 
12282	MW	466	CDM	CDM-SMR-IP	어청도_Eocheongdo_IP_CDM-SMR-IP-4G -(1/2)	어청도_Eocheongdo_IP_CDM-SMR-IP-4G -(1/2) 
12283	MW	999	IP-20	IP-20N	구시포_(구시포-위도)IP-20N[1]_IP-20N-8G-(1/2)	구시포_(구시포-위도)IP-20N[1]_IP-20N-8G-(1/2) 
12284	MW	999	IP-20	IP-20C	구시포_Guseepo-Uydo-20C-1_IP-20C-8G-(1/2)	구시포_Guseepo-Uydo-20C-1_IP-20C-8G-(1/2) 
12285	MW	999	IP-20	IP-20C	구시포_Guseepo-Uydo-20C-2_IP-20C-8G-(3/4/)	구시포_Guseepo-Uydo-20C-2_IP-20C-8G-(3/4/) 
12286	MW	400	IP-20	IP-20C	위도_Uydo-Guseepo-20C-1_IP-20C-8G-(1/2)	위도_Uydo-Guseepo-20C-1_IP-20C-8G-(1/2) 
12287	MW	400	IP-20	IP-20C	위도_Uydo-Guseepo-20C-2_IP-20C-8G-(3/4)	위도_Uydo-Guseepo-20C-2_IP-20C-8G-(3/4) 
12288	MW	400	IP-20	IP-20N	위도_(위도-구시포)IP-20N[1]_IP-20N-8G-(1/2)	위도_(위도-구시포)IP-20N[1]_IP-20N-8G-(1/2) 
12289	MW	27	CTR	CTR-8312	심원_SimWon-Naejuk_CTR-8312-11G-(1/2)	심원_SimWon-Naejuk_CTR-8312-11G-(1/2) 
12290	MW	1088	CTR	CTR-8312	내죽도_Naejuk-SimWon_CTR-8312-11G-(1/2)	내죽도_Naejuk-SimWon_CTR-8312-11G-(1/2) 
12291	MW	765	IP-20	IP-20N	미륵중_2차망 2R(EBS-TV,전용)_IP-20N-8G-(1/2)	미륵중_2차망 2R(EBS-TV,전용)_IP-20N-8G-(1/2)"
12292	MW	110	IP-20	IP-20N	군산무선국_(군무-연도)IP-20N[1]_IP-20N-8G-(1/2)	군산무선국_(군무-연도)IP-20N[1]_IP-20N-8G-(1/2) 
12293	MW	467	IP-20	IP-20N	연도(군산)_(연도-군무)IP-20N[1]_IP-20N-8G-(1/2)	연도(군산)_(연도-군무)IP-20N[1]_IP-20N-8G-(1/2) 
12294	MW	848	IP-20	IP-20N	망대중_2차망 2R(EBS-TV,전용)_IP-20N-8G-(1/2)	망대중_2차망 2R(EBS-TV,전용)_IP-20N-8G-(1/2)"
12295	MW	463	CTR	CTR-8540	선유도_Sunyoudo-Bangchukdo_CTR-8540-11G-(//1/2)	선유도_Sunyoudo-Bangchukdo_CTR-8540-11G-(//1/2) 
12296	MW	460	CTR	CTR-8540	방축도_Bangchukdo-Sunyoudo_CTR-8540-11G-(//1/2)	방축도_Bangchukdo-Sunyoudo_CTR-8540-11G-(//1/2) 
12297	MW	397	CTR	CTR-8312	상왕등도2(한기)_Sangwang-Hawang-8312_CTR-8312-11G-(1)	상왕등도2(한기)_Sangwang-Hawang-8312_CTR-8312-11G-(1) 
12298	MW	405	CTR	CTR-8312	하왕등도_Hawang-Sangwang-8312_CTR-8312-11G-(1)	하왕등도_Hawang-Sangwang-8312_CTR-8312-11G-(1) 
12299	MW	456	IP-20	IP-20N	두리도_(두리-비안)IP-20N_IP-20N-11G-(3/4)	두리도_(두리-비안)IP-20N_IP-20N-11G-(3/4) 
12300	MW	111	IP-20	IP-20N	비안도_(비안-두리)IP-20N_IP-20N-11G-(3/4)	비안도_(비안-두리)IP-20N_IP-20N-11G-(3/4) 
12301	MW	460	CTR	CTR-8540	방축도_(방축-말도)CTR-8540_CTR-8540-11G-(//1/2)	방축도_(방축-말도)CTR-8540_CTR-8540-11G-(//1/2) 
12302	MW	457	CTR	CTR-8540	말도(군산)_(말도-방축)CTR-8540_CTR-8540-11G-(//1/2)	말도(군산)_(말도-방축)CTR-8540_CTR-8540-11G-(//1/2) 
12303	MW	454	IP-20	IP-20N	개야도_(개야-군무)IP-20N[1]_IP-20N-8G-(1/2)	개야도_(개야-군무)IP-20N[1]_IP-20N-8G-(1/2) 
12304	MW	110	IP-20	IP-20N	군산무선국_(군무-개야)IP-20N[1]_IP-20N-8G-(1/2)	군산무선국_(군무-개야)IP-20N[1]_IP-20N-8G-(1/2) 
12305	MW	386	CTR	CTR-8540	격포_Kyukpo-SangWangdeung_CTR-8540-8G-(//1/2)	격포_Kyukpo-SangWangdeung_CTR-8540-8G-(//1/2) 
12306	MW	1119	CTR	CTR-8540	상왕등도_SangWangDeung-Kyukpo_CTR-8540-8G-(//1/2)	상왕등도_SangWangDeung-Kyukpo_CTR-8540-8G-(//1/2) 
12307	MW	110	CTR	CTR-8540	군산무선국_(군무-방축)CTR-8540[1]_CTR-8540-8G-(//1/2)	군산무선국_(군무-방축)CTR-8540[1]_CTR-8540-8G-(//1/2) 
12308	MW	460	CTR	CTR-8540	방축도_(방축-군산)CTR-8540[1]_CTR-8540-8G-(//1/2)	방축도_(방축-군산)CTR-8540[1]_CTR-8540-8G-(//1/2) 
12309	MW	463	IP-20	IP-20N-D	선유도_(선유-어청)IP-20N_IP-20N-D-8G-(1/S/2/S/3/S///4/S/5/S/6/S)	선유도_(선유-어청)IP-20N_IP-20N-D-8G-(1/S/2/S/3/S///4/S/5/S/6/S) 
12310	MW	466	IP-20	IP-20N-D	어청도_(어청-선유)IP-20N_IP-20N-D-8G-(1/S/2/S/3/S///4/S/5/S/6/S)	어청도_(어청-선유)IP-20N_IP-20N-D-8G-(1/S/2/S/3/S///4/S/5/S/6/S) 
12311	MW	110	CTR	CTR-8540	군산무선국_(군무-비안)CTR-8540[1]_CTR-8540-8G-(//1/2)	군산무선국_(군무-비안)CTR-8540[1]_CTR-8540-8G-(//1/2) 
12312	MW	111	CTR	CTR-8540	비안도_(비안-군무)CTR-8540[1]_CTR-8540-8G-(//1/2)	비안도_(비안-군무)CTR-8540[1]_CTR-8540-8G-(//1/2) 
12313	MW	110	CTR	CTR-8540	군산무선국_(군무-방축)CTR-8540[2]_CTR-8540-8G-(//3/4)	군산무선국_(군무-방축)CTR-8540[2]_CTR-8540-8G-(//3/4) 
12314	MW	460	CTR	CTR-8540	방축도_Bangchuk-Gunsan-8540-2_CTR-8540-8G-(//1/2)	방축도_Bangchuk-Gunsan-8540-2_CTR-8540-8G-(//1/2) 
12315	MW	460	CTR	CTR-8540	방축도_Bangchukdo-Gwanrido-8540_CTR-8540-11G-(//1/2)	방축도_Bangchukdo-Gwanrido-8540_CTR-8540-11G-(//1/2) 
12316	MW	1091	CTR	CTR-8540	관리도_Gwanrido-Bangchukdo-8540_CTR-8540-11G-(//1/2)	관리도_Gwanrido-Bangchukdo-8540_CTR-8540-11G-(//1/2) 
12317	MW	110	IP-20	IP-20N-D	군산무선국_(군무-연도)IP-20N[2]_IP-20N-D-HP-8G-(3/4)	군산무선국_(군무-연도)IP-20N[2]_IP-20N-D-HP-8G-(3/4) 
12318	MW	467	IP-20	IP-20N-D	연도(군산)_(연도-군무)IP-20N[2]_IP-20N-D-HP-8G-(3/4)	연도(군산)_(연도-군무)IP-20N[2]_IP-20N-D-HP-8G-(3/4) 
12319	MW	765	IP-20	IP-20N	미륵중_1차망 2R(EBS/SBS-TV,전용)_IP-20N-8G-(3/4)	미륵중_1차망 2R(EBS/SBS-TV,전용)_IP-20N-8G-(3/4)"
12320	MW	463	CTR	CTR-8540	선유도_(선유-방축)CTR-8540[2]_CTR-8540-11G-(//3/4)	선유도_(선유-방축)CTR-8540[2]_CTR-8540-11G-(//3/4) 
12321	MW	460	CTR	CTR-8540	방축도_(방축-선유)CTR-8540[2]_CTR-8540-11G-(//3/4)	방축도_(방축-선유)CTR-8540[2]_CTR-8540-11G-(//3/4) 
12322	MW	110	IP-20	IP-20N-D	군산무선국_(군무-말도)IP-20N_IP-20N-D-8G-(1/2/3/4)	군산무선국_(군무-말도)IP-20N_IP-20N-D-8G-(1/2/3/4) 
12323	MW	457	IP-20	IP-20N-D	말도(군산)_(말도-군무)IP-20N_IP-20N-D-8G-(1/2/3/4)	말도(군산)_(말도-군무)IP-20N_IP-20N-D-8G-(1/2/3/4) 
12324	MW	386	CTR	CTR-8540	격포_(격포-상왕등)CTR-8540[2]_CTR-8540-8G-(//3/4)	격포_(격포-상왕등)CTR-8540[2]_CTR-8540-8G-(//3/4) 
12325	MW	1119	CTR	CTR-8540	상왕등도_(상왕등-격포)CTR-8540[2]_CTR-8540-8G-(//3/4)	상왕등도_(상왕등-격포)CTR-8540[2]_CTR-8540-8G-(//3/4) 
12326	MW	386	IP-20	IP-20N	격포_(격포-위도)IP-20N[1]_IP-20N-8G-(1/2/3)	격포_(격포-위도)IP-20N[1]_IP-20N-8G-(1/2/3) 
12327	MW	386	IP-20	IP-20N	격포_(격포-위도)IP-20N[2]_IP-20N-8G-(4/5/6)	격포_(격포-위도)IP-20N[2]_IP-20N-8G-(4/5/6) 
12328	MW	400	IP-20	IP-20N	위도_(위도-격포)IP-20N[1]_IP-20N-8G-(1/2/3)	위도_(위도-격포)IP-20N[1]_IP-20N-8G-(1/2/3) 
12329	MW	400	IP-20	IP-20N	위도_(위도-격포)IP-20N[2]_IP-20N-8G-(4/5/6)	위도_(위도-격포)IP-20N[2]_IP-20N-8G-(4/5/6) 
12330	MW	765	IP-20	IP-20N	미륵중_1차망 2R(EBS/SBS-TV,전용)_IP-20N-8G-(1/P)	미륵중_1차망 2R(EBS/SBS-TV,전용)_IP-20N-8G-(1/P)"
12331	MW	848	IP-20	IP-20N	망대중_1차망 2R(EBS/SBS-TV,전용)_IP-20N-8G-(1/P)	망대중_1차망 2R(EBS/SBS-TV,전용)_IP-20N-8G-(1/P)"
12332	MW	386	IP-20	IP-20N-D	격포_(격포-식도)IP-20N_IP-20N-D-8G-(1/2)	격포_(격포-식도)IP-20N_IP-20N-D-8G-(1/2) 
12333	MW	398	IP-20	IP-20N-D	식도_(식도-격포)IP-20N _IP-20N-D-8G-(1/2)	식도_(식도-격포)IP-20N _IP-20N-D-8G-(1/2) 
12334	MW	999	IP-20	IP-20N-D	구시포_(구시포-위도)IP-20N[2]_IP-20N-D-8G-(3/4/5/6)	구시포_(구시포-위도)IP-20N[2]_IP-20N-D-8G-(3/4/5/6) 
12335	MW	400	IP-20	IP-20N-D	위도_(위도-구시포)IP-20N[2]_IP-20N-D-8G-(3/4/5/6)	위도_(위도-구시포)IP-20N[2]_IP-20N-D-8G-(3/4/5/6) 
12336	MW	190	IP-20	IP-20N-D	모악중_모악산KBS Drop(EBS-TV)_IP-20N-D-8G-(1//P)	모악중_모악산KBS Drop(EBS-TV)_IP-20N-D-8G-(1//P) 
12337	MW	848	IP-20	IP-20N-D	망대중_모악산 KBS Drop(EBS-TV)_IP-20N-D-8G-(1//P)	망대중_모악산 KBS Drop(EBS-TV)_IP-20N-D-8G-(1//P) 
12338	MW	110	CTR	CTR-8540	군산무선국_(군무-비안)CTR-8540[2]_CTR-8540-8G-(//3/4)	군산무선국_(군무-비안)CTR-8540[2]_CTR-8540-8G-(//3/4) 
12339	MW	111	CTR	CTR-8540	비안도_(비안-군무)CTR-8540[2]_CTR-8540-8G-(//3/4)	비안도_(비안-군무)CTR-8540[2]_CTR-8540-8G-(//3/4) 
12340	MW	463	CTR	CTR-8540	선유도_(선유-명도)CTR-8540_CTR-8540-11G-(//1/2)	선유도_(선유-명도)CTR-8540_CTR-8540-11G-(//1/2) 
12341	MW	458	CTR	CTR-8540	명도_(명도-선유)CTR-8540_CTR-8540-11G-(//1/2)	명도_(명도-선유)CTR-8540_CTR-8540-11G-(//1/2) 
12342	MW	110	IP-20	IP-20N	군산무선국_(군무-개야)IP-20N[2]_IP-20N-6GU-(3/4)	군산무선국_(군무-개야)IP-20N[2]_IP-20N-6GU-(3/4) 
12343	MW	454	IP-20	IP-20N	개야도_(개야-군무)IP-20N[2]_IP-20N-6GU-(3/4)	개야도_(개야-군무)IP-20N[2]_IP-20N-6GU-(3/4) 
12344	MW	592	SMR	SMR9600	양을중_SMR9-0410_SMR9600-4G -(P/1/2)	양을중_SMR9-0410_SMR9600-4G -(P/1/2) 
12345	MW	603	SMR	SMR9600	임자중_SMR9-0201_SMR9600-4G -(P/1/2)	임자중_SMR9-0201_SMR9600-4G -(P/1/2) 
12346	MW	558	SMR	SMR9600	도초중_SMR-0203_SMR9600-6GU-(P/1/2/3/4)	도초중_SMR-0203_SMR9600-6GU-(P/1/2/3/4) 
12347	MW	628	SMR	SMR9600	흑산도_SMR9-0204_SMR9600-6GU-(P/1/2/3/4)	흑산도_SMR9-0204_SMR9600-6GU-(P/1/2/3/4) 
12348	MW	592	ECLIPSE	ECLIPSE-INUe	양을중_MDM-0106_ECLIPSE-INUe-11G-(1///P1)	양을중_MDM-0106_ECLIPSE-INUe-11G-(1///P1) 
12349	MW	598	ECLIPSE	ECLIPSE-INUe	우곳도_MDM-0101_ECLIPSE-INUe-11G-(1///P1)	우곳도_MDM-0101_ECLIPSE-INUe-11G-(1///P1) 
12350	MW	589	CDM	CDM-SMR	안좌중_CDM-0207_CDM-SMR-8G-(1/P/2/3)	안좌중_CDM-0207_CDM-SMR-8G-(1/P/2/3) 
12351	MW	588	CDM	CDM-SMR	신의도_CDM-0202_CDM-SMR-8G-(1/P/2/3)	신의도_CDM-0202_CDM-SMR-8G-(1/P/2/3) 
12352	MW	558	CDM	CDM-SMR	도초중_CDM-0309_CDM-SMR-6GL-(1/P/2/3)	도초중_CDM-0309_CDM-SMR-6GL-(1/P/2/3) 
12353	MW	558	CDM	CDM-SMR	도초중_CDM-0105_CDM-SMR-6GL-(1/P/2/3)	도초중_CDM-0105_CDM-SMR-6GL-(1/P/2/3) 
12354	MW	628	CDM	CDM-SMR	흑산도_CDM-0301_CDM-SMR-6GL-(1/P/2/3)	흑산도_CDM-0301_CDM-SMR-6GL-(1/P/2/3) 
12355	MW	592	CDM	CDM-SMR	양을중_CDM-0402_CDM-SMR-6GU-(1/P/2/3)	양을중_CDM-0402_CDM-SMR-6GU-(1/P/2/3) 
12356	MW	558	CDM	CDM-SMR	도초중_CDM-0103_CDM-SMR-6GU-(1/P/2/3)	도초중_CDM-0103_CDM-SMR-6GU-(1/P/2/3) 
12357	MW	628	CDM	CDM-SMR	흑산도_CDM-0303_CDM-SMR-6GL-(1/P/2/3)	흑산도_CDM-0303_CDM-SMR-6GL-(1/P/2/3) 
12358	MW	625	CDM	CDM-SMR	홍도_CDM-0104_CDM-SMR-6GL-(1/P/2/3)	홍도_CDM-0104_CDM-SMR-6GL-(1/P/2/3) 
12359	MW	628	CDM	CDM-SMR	흑산도_CDM-0304_CDM-SMR-6GL-(1/P/2)	흑산도_CDM-0304_CDM-SMR-6GL-(1/P/2) 
12360	MW	623	CDM	CDM-SMR	하태도_CDM-0101_CDM-SMR-6GL-(1/P/2)	하태도_CDM-0101_CDM-SMR-6GL-(1/P/2) 
12361	MW	592	CDM	CDM-SMR	양을중_CDM-0403_CDM-SMR-8G-(1/P/2/3/4)	양을중_CDM-0403_CDM-SMR-8G-(1/P/2/3/4) 
12362	MW	606	CDM	CDM-SMR	자은도_CDM-0201_CDM-SMR-8G-(1/P/2/3/4)	자은도_CDM-0201_CDM-SMR-8G-(1/P/2/3/4) 
12363	MW	589	CDM	CDM-SMR	안좌중_CDM-0206_CDM-SMR-8G-(1/P/2/3)	안좌중_CDM-0206_CDM-SMR-8G-(1/P/2/3) 
12364	MW	609	CDM	CDM-SMR	장산도_CDM-0201_CDM-SMR-8G-(1/P/2/3)	장산도_CDM-0201_CDM-SMR-8G-(1/P/2/3) 
12365	MW	558	CDM	CDM-SMR	도초중_CDM-0104_CDM-SMR-8G-(1/P/2/3)	도초중_CDM-0104_CDM-SMR-8G-(1/P/2/3) 
12366	MW	622	CDM	CDM-SMR	하의도_CDM-0102_CDM-SMR-8G-(1/P/2/3)	하의도_CDM-0102_CDM-SMR-8G-(1/P/2/3) 
12367	MW	558	CDM	CDM-SMR	도초중_CDM-0106_CDM-SMR-6GU-(1/P/2)	도초중_CDM-0106_CDM-SMR-6GU-(1/P/2) 
12368	MW	628	CDM	CDM-SMR	흑산도_CDM-0302_CDM-SMR-6GU-(1/P/2)	흑산도_CDM-0302_CDM-SMR-6GU-(1/P/2) 
12369	MW	623	SMR	SMR9600	하태도_SMR9-0101_SMR9600-6GL-(P/1/2/3)	하태도_SMR9-0101_SMR9600-6GL-(P/1/2/3) 
12370	MW	542	SMR	SMR9600	가거도_SMR9-0101_SMR9600-6GL-(P/1/2/3)	가거도_SMR9-0101_SMR9600-6GL-(P/1/2/3) 
12371	MW	628	CDM	CDM-SMR	흑산도_CDM-0305_CDM-SMR-6GL-(1/P/2/3)	흑산도_CDM-0305_CDM-SMR-6GL-(1/P/2/3) 
12372	MW	623	CDM	CDM-SMR	하태도_CDM-0106_CDM-SMR-6GL-(1/P/2/3)	하태도_CDM-0106_CDM-SMR-6GL-(1/P/2/3) 
12373	MW	889	ECLIPSE	ECLIPSE-INUe	가사도_MDM-0201_ECLIPSE-INUe-8G-(1///2)	가사도_MDM-0201_ECLIPSE-INUe-8G-(1///2) 
12374	MW	935	ECLIPSE	ECLIPSE-INUe	진도중_MDM-0201_ECLIPSE-INUe-8G-(1///2)	진도중_MDM-0201_ECLIPSE-INUe-8G-(1///2) 
12375	MW	914	SMR	SMR9600	상조도_SMR9-0104_SMR9600-6GL-(P/1)	상조도_SMR9-0104_SMR9600-6GL-(P/1) 
12376	MW	935	SMR	SMR9600	진도중_SMR9-0301_SMR9600-6GL-(P/1)	진도중_SMR9-0301_SMR9600-6GL-(P/1) 
12377	MW	935	CDM	CDM-SMR	진도중_CDM-0104_CDM-SMR-6GL-(1/P/2/3)	진도중_CDM-0104_CDM-SMR-6GL-(1/P/2/3) 
12378	MW	558	IP-20	IP-20C	도초중_통합형-0206-02_IP-20C-11G-(3/4)	도초중_통합형-0206-02_IP-20C-11G-(3/4) 
12379	MW	558	IP-20	IP-20C	도초중_통합형-0206-01_IP-20C-11G-(1/2)	도초중_통합형-0206-01_IP-20C-11G-(1/2) 
12380	MW	589	IP-20	IP-20C	안좌중_통합형-0103-01_IP-20C-11G-(1/2)	안좌중_통합형-0103-01_IP-20C-11G-(1/2) 
12381	MW	589	IP-20	IP-20C	안좌중_통합형-0103-02_IP-20C-11G-(3/4)	안좌중_통합형-0103-02_IP-20C-11G-(3/4) 
12382	MW	558	IP-20	IP-20C	도초중_통합형-0106-01_IP-20C-11G-(1/2)	도초중_통합형-0106-01_IP-20C-11G-(1/2) 
12383	MW	622	IP-20	IP-20C	하의도_통합형-0101-01_IP-20C-11G-(1/2)	하의도_통합형-0101-01_IP-20C-11G-(1/2) 
12384	MW	935	IP-20	IP-20C	진도중_통합형-0402-03_IP-20C-6GU-(1/2)	진도중_통합형-0402-03_IP-20C-6GU-(1/2) 
12385	MW	1109	IP-20	IP-20C	하조도_통합형-0107-01_IP-20C-6GU-(1/2)	하조도_통합형-0107-01_IP-20C-6GU-(1/2) 
12386	MW	589	IP-20	IP-20C	안좌중_통합형-0109-01_IP-20C-6GU-(1/2)	안좌중_통합형-0109-01_IP-20C-6GU-(1/2) 
12387	MW	588	IP-20	IP-20C	신의도_통합형-0102-01_IP-20C-6GU-(1/2)	신의도_통합형-0102-01_IP-20C-6GU-(1/2) 
12388	MW	558	CDM	CDM-SMR-IP	도초중_CDM-0302_CDM-SMR-IP-8G-(1/2)	도초중_CDM-0302_CDM-SMR-IP-8G-(1/2) 
12389	MW	622	CDM	CDM-SMR-IP	하의도_CDM-0104_CDM-SMR-IP-8G-(1/2)	하의도_CDM-0104_CDM-SMR-IP-8G-(1/2) 
12390	MW	589	IP-20	IP-20C	안좌중_통합형-0103-03_IP-20C-11G-(1/2)	안좌중_통합형-0103-03_IP-20C-11G-(1/2) 
12391	MW	609	IP-20	IP-20C	장산도_통합형-0105-03_IP-20C-11G-(1/2)	장산도_통합형-0105-03_IP-20C-11G-(1/2) 
12392	MW	927	ECLIPSE	ECLIPSE-INUe	접도_MDM-0101_ECLIPSE-INUe-8G-(1///2)	접도_MDM-0101_ECLIPSE-INUe-8G-(1///2) 
12393	MW	937	ECLIPSE	ECLIPSE-INUe	청등도_MDM-0101_ECLIPSE-INUe-8G-(1///2)	청등도_MDM-0101_ECLIPSE-INUe-8G-(1///2) 
12394	MW	935	IP-20	IP-20N	진도중_통합형-0402-02_IP-20N-8G-(1/2/3/4)	진도중_통합형-0402-02_IP-20N-8G-(1/2/3/4) 
12395	MW	589	IP-20	IP-20C	안좌중_통합형-0103-04_IP-20C-11G-(3/4)	안좌중_통합형-0103-04_IP-20C-11G-(3/4) 
12396	MW	609	IP-20	IP-20C	장산도_통합형-0105-04_IP-20C-11G-(3/4)	장산도_통합형-0105-04_IP-20C-11G-(3/4) 
12397	MW	914	IP-20	IP-20N	상조도_통합형-0301-03_IP-20N-8G-(1/2/3/4)	상조도_통합형-0301-03_IP-20N-8G-(1/2/3/4) 
12398	MW	935	IP-20	IP-20N	진도중_통합형-0402-01_IP-20N-8G-(1/2/3//5/6)	진도중_통합형-0402-01_IP-20N-8G-(1/2/3//5/6) 
12399	MW	1109	IP-20	IP-20N	하조도_통합형-0108-01_IP-20N-8G-(1/2/3//5/6)	하조도_통합형-0108-01_IP-20N-8G-(1/2/3//5/6) 
12400	MW	927	IP-20	IP-20N	접도_통합형-0103-02_IP-20N-8G-(1/2)	접도_통합형-0103-02_IP-20N-8G-(1/2) 
12401	MW	932	IP-20	IP-20N	죽항도_통합형-0101-02_IP-20N-8G-(1/2)	죽항도_통합형-0101-02_IP-20N-8G-(1/2) 
12402	MW	592	IP-20	IP-20N	양을중_통합형-0507-01_IP-20N-8G-(1/2/3/4)	양을중_통합형-0507-01_IP-20N-8G-(1/2/3/4) 
12403	MW	558	IP-20	IP-20N	도초중_통합형-0205-01_IP-20N-8G-(1/2/3/4)	도초중_통합형-0205-01_IP-20N-8G-(1/2/3/4) 
12404	MW	592	IP-20	IP-20N	양을중_통합형-0509-01_IP-20N-8G-(1/2/3/4)	양을중_통합형-0509-01_IP-20N-8G-(1/2/3/4) 
12405	MW	558	IP-20	IP-20N	도초중_통합형-0204-01_IP-20N-8G-(1/2/3/4)	도초중_통합형-0204-01_IP-20N-8G-(1/2/3/4) 
12406	MW	628	IP-20	IP-20N	흑산도_톨합형-0310-01_IP-20N-11G-(1/2/3)	흑산도_톨합형-0310-01_IP-20N-11G-(1/2/3) 
12407	MW	549	IP-20	IP-20N	다물도_통합형-0102-01_IP-20N-8G-(1/2/3)	다물도_통합형-0102-01_IP-20N-8G-(1/2/3) 
12408	MW	628	IP-20	IP-20N	흑산도_톨합형-0301-01_IP-20N-8G-(1/2/3/4)	흑산도_톨합형-0301-01_IP-20N-8G-(1/2/3/4) 
12409	MW	558	IP-20	IP-20N	도초중_통합형-0110-01_IP-20N-8G-(1/2/3/4)	도초중_통합형-0110-01_IP-20N-8G-(1/2/3/4) 
12410	MW	628	IP-20	IP-20N	흑산도_톨합형-0311-01_IP-20N-8G-(1/2/3/4/5)	흑산도_톨합형-0311-01_IP-20N-8G-(1/2/3/4/5) 
12411	MW	623	IP-20	IP-20N	하태도_통합형-0101-02_IP-20N-8G-(1/2/3/4/5)	하태도_통합형-0101-02_IP-20N-8G-(1/2/3/4/5) 
12412	MW	576	CTR	CTR-8312	상태도_MDM-0101-02_CTR-8312-11G-(1/2)	상태도_MDM-0101-02_CTR-8312-11G-(1/2) 
12413	MW	613	CTR	CTR-8312	중태_MDM-0101-01_CTR-8312-11G-(1/2)	중태_MDM-0101-01_CTR-8312-11G-(1/2) 
12414	MW	628	IP-20	IP-20N	흑산도_톨합형-0312-01_IP-20N-8G-(1/2/3/4)	흑산도_톨합형-0312-01_IP-20N-8G-(1/2/3/4) 
12415	MW	625	IP-20	IP-20N	홍도_통합형-0105-01_IP-20N-8G-(1/2/3/4)	홍도_통합형-0105-01_IP-20N-8G-(1/2/3/4) 
12416	MW	542	IP-20	IP-20N	가거도_통합형-0102-01_IP-20N-8G-(1/2/3/4)	가거도_통합형-0102-01_IP-20N-8G-(1/2/3/4) 
12417	MW	623	IP-20	IP-20N	하태도_통합형-0302-01_IP-20N-8G-(1/2/3/4)	하태도_통합형-0302-01_IP-20N-8G-(1/2/3/4) 
12418	MW	558	IP-20	IP-20N	도초중_통합형-0207-01_IP-20N-11G-(1/2)	도초중_통합형-0207-01_IP-20N-11G-(1/2) 
12419	MW	575	IP-20	IP-20N	상수치_통합형-0101-01_IP-20N-11G-(1/2)	상수치_통합형-0101-01_IP-20N-11G-(1/2) 
12420	MW	558	CTR	CTR-8312	도초중_MDM-0101-02_CTR-8312-11G-(1/2)	도초중_MDM-0101-02_CTR-8312-11G-(1/2) 
12421	MW	554	CTR	CTR-8312	대야도_MDM-0101-01_CTR-8312-11G-(1/2)	대야도_MDM-0101-01_CTR-8312-11G-(1/2) 
12422	MW	558	CTR	CTR-8312	도초중_MDM-0101-01_CTR-8312-11G-(1/2)	도초중_MDM-0101-01_CTR-8312-11G-(1/2) 
12423	MW	586	CTR	CTR-8312	신도(목포)_MDM-0101-01_CTR-8312-11G-(1/2)	신도(목포)_MDM-0101-01_CTR-8312-11G-(1/2) 
12424	MW	558	ECLIPSE	ECLIPSE-INUe	도초중_MDM-0106_ECLIPSE-INUe-11G-(1///2)	도초중_MDM-0106_ECLIPSE-INUe-11G-(1///2) 
12425	MW	608	ECLIPSE	ECLIPSE-INUe	장병도_MDM-0101_ECLIPSE-INUe-11G-(1///2)	장병도_MDM-0101_ECLIPSE-INUe-11G-(1///2) 
12426	MW	592	IP-20	IP-20N	양을중_통합형-0201-01_IP-20N-8G-(1/2)	양을중_통합형-0201-01_IP-20N-8G-(1/2) 
12427	MW	568	IP-20	IP-20N	병풍도_통합형-0102-01_IP-20N-8G-(1/2)	병풍도_통합형-0102-01_IP-20N-8G-(1/2) 
12428	MW	580	IP-20	IP-20N	송공_통합형-0105-01_IP-20N-11G-(1/2/3)	송공_통합형-0105-01_IP-20N-11G-(1/2/3) 
12429	MW	562	IP-20	IP-20N	매화도_통합형-0104-01_IP-20N-8G-(1/2/3)	매화도_통합형-0104-01_IP-20N-8G-(1/2/3) 
12430	MW	589	IP-20	IP-20N	안좌중_통합형-0208-01_IP-20N-8G-(1/2)	안좌중_통합형-0208-01_IP-20N-8G-(1/2) 
12431	MW	609	IP-20	IP-20N	장산도_통합형-0105-05_IP-20N-8G-(1/2)	장산도_통합형-0105-05_IP-20N-8G-(1/2) 
12432	MW	935	CTR	CTR-8312	진도중_MDM-0101-01_CTR-8312-11G-(1)	진도중_MDM-0101-01_CTR-8312-11G-(1) 
12433	MW	1123	CTR	CTR-8312	율도(도초)_MDM-0101-01_CTR-8312-11G-(1)	율도(도초)_MDM-0101-01_CTR-8312-11G-(1) 
12434	MW	927	CTR	CTR-8312	접도_MDM-0102-01_CTR-8312-8G-(1/2)	접도_MDM-0102-01_CTR-8312-8G-(1/2) 
12435	MW	906	CTR	CTR-8312	독거슬도_MDM-0101-03_CTR-8312-8G-(1/2)	독거슬도_MDM-0101-03_CTR-8312-8G-(1/2) 
12436	MW	935	CTR	CTR-8312	진도중_MDM-0101-02_CTR-8312-11G-(1/2)	진도중_MDM-0101-02_CTR-8312-11G-(1/2) 
12437	MW	611	CTR	CTR-8312	저도(진도)_MDM-0101-01_CTR-8312-11G-(1/2)	저도(진도)_MDM-0101-01_CTR-8312-11G-(1/2) 
12438	MW	935	IP-20	IP-20N	진도중_통합형0401-01_IP-20N-8G-(1/2/3)	진도중_통합형0401-01_IP-20N-8G-(1/2/3) 
12439	MW	914	IP-20	IP-20N	상조도_통합형-0301-04_IP-20N-8G-(1/2/3)	상조도_통합형-0301-04_IP-20N-8G-(1/2/3) 
12440	MW	914	IP-20	IP-20N	상조도_통합형-0301-01_IP-20N-11G-(1/2/3/4)	상조도_통합형-0301-01_IP-20N-11G-(1/2/3/4) 
12441	MW	908	IP-20	IP-20N	동거차도_통합형-0102-01_IP-20N-11G-(1/2/3/4)	동거차도_통합형-0102-01_IP-20N-11G-(1/2/3/4) 
12442	MW	911	CTR	CTR-8312	맹골곽도_MDM-0101-01_CTR-8312-8G-(1/2)	맹골곽도_MDM-0101-01_CTR-8312-8G-(1/2) 
12443	MW	914	CTR	CTR-8312	상조도_MDM-0401-01_CTR-8312-8G-(1/2)	상조도_MDM-0401-01_CTR-8312-8G-(1/2) 
12444	MW	1120	IP-20	IP-20N	맹골도_통합형-0101-01_IP-20N-11G-(1/2)	맹골도_통합형-0101-01_IP-20N-11G-(1/2) 
12445	MW	910	IP-20	IP-20N	맹골죽도_통합형-0101-01_IP-20N-11G-(1/2)	맹골죽도_통합형-0101-01_IP-20N-11G-(1/2) 
12446	MW	592	IP-20	IP-20N	양을중_통합형-0508-01_IP-20N-8G-(1/2/3/4)	양을중_통합형-0508-01_IP-20N-8G-(1/2/3/4) 
12447	MW	558	IP-20	IP-20N	도초중_통합형-0206-03_IP-20N-8G-(1/2/3/4)	도초중_통합형-0206-03_IP-20N-8G-(1/2/3/4) 
12448	MW	628	CTR	CTR-8540	흑산도_MDM-0312-01_CTR-8540-8G-(//1/2/3/4)	흑산도_MDM-0312-01_CTR-8540-8G-(//1/2/3/4) 
12449	MW	561	CTR	CTR-8540	만재도_MDM-0101-01_CTR-8540-8G-(//1/2/3/4)	만재도_MDM-0101-01_CTR-8540-8G-(//1/2/3/4) 
12450	MW	914	CTR	CTR-8312	상조도_MDM-0101-04_CTR-8312-11G-(1/2)	상조도_MDM-0101-04_CTR-8312-11G-(1/2) 
12451	MW	1107	CTR	CTR-8312	외병도_MDM-0101-01_CTR-8312-11G-(1/2)	외병도_MDM-0101-01_CTR-8312-11G-(1/2) 
12452	MW	558	CTR	CTR-8312	도초중_MDM-0101-03_CTR-8312-11G-(1/2)	도초중_MDM-0101-03_CTR-8312-11G-(1/2) 
12453	MW	1122	CTR	CTR-8312	개도(목포)_MDM-0101-01_CTR-8312-11G-(1/2)	개도(목포)_MDM-0101-01_CTR-8312-11G-(1/2) 
12454	MW	927	CTR	CTR-8312	접도_MDM-0103-01_CTR-8312-11G-(1/2)	접도_MDM-0103-01_CTR-8312-11G-(1/2) 
12455	MW	923	CTR	CTR-8312	의신모도_MDM-0101-01_CTR-8312-11G-(1/2)	의신모도_MDM-0101-01_CTR-8312-11G-(1/2) 
12456	MW	589	CDM	CDM-SMR-IP+	안좌중_CDM-0106-01_CDM-SMR-IP+-8G-(1/2)	안좌중_CDM-0106-01_CDM-SMR-IP+-8G-(1/2) 
12457	MW	588	CDM	CDM-SMR-IP+	신의도_CDM-0105-01_CDM-SMR-IP+-8G-(1/2)	신의도_CDM-0105-01_CDM-SMR-IP+-8G-(1/2) 
12458	MW	558	CTR	CTR-8540	도초중_MDM-0106-02_CTR-8540-8G-(//1/2)	도초중_MDM-0106-02_CTR-8540-8G-(//1/2) 
12459	MW	599	CTR	CTR-8540	우이도_MDM-0101-02_CTR-8540-8G-(//1/2)	우이도_MDM-0101-02_CTR-8540-8G-(//1/2) 
12460	MW	580	CTR	CTR-8540	송공_MDM-0104-01_CTR-8540-11G-(//1/2)	송공_MDM-0104-01_CTR-8540-11G-(//1/2) 
12461	MW	551	CTR	CTR-8540	당사도(목포)_MDM-0101-02_CTR-8540-11G-(//1/2)	당사도(목포)_MDM-0101-02_CTR-8540-11G-(//1/2) 
12462	MW	558	IP-20	IP-20N-D	도초중_통합형-0110-02_IP-20N-D-8G-(1/2)	도초중_통합형-0110-02_IP-20N-D-8G-(1/2) 
12463	MW	628	IP-20	IP-20N-D	흑산도_톨합형-0301-02_IP-20N-D-8G-(1/2)	흑산도_톨합형-0301-02_IP-20N-D-8G-(1/2) 
12464	MW	592	CTR	CTR-8540	양을중_MDM-1007-01_CTR-8540-8G-(//1/2)	양을중_MDM-1007-01_CTR-8540-8G-(//1/2) 
12465	MW	545	CTR	CTR-8540	고이도_MDM-0102-01_CTR-8540-8G-(//1/2)	고이도_MDM-0102-01_CTR-8540-8G-(//1/2) 
12466	MW	592	CTR	CTR-8540	양을중_MDM-1007-12_CTR-8540-11G-(//1/2)	양을중_MDM-1007-12_CTR-8540-11G-(//1/2) 
12467	MW	600	CTR	CTR-8540	율도(목포)_MDM-0202-01_CTR-8540-11G-(//1/2)	율도(목포)_MDM-0202-01_CTR-8540-11G-(//1/2) 
12468	MW	589	IP-20	IP-20N	안좌중_통합형-0201-03_IP-20N-11G-(1/2/3/4/5/6)	안좌중_통합형-0201-03_IP-20N-11G-(1/2/3/4/5/6) 
12469	MW	558	IP-20	IP-20N	도초중_통합형-0205-03_IP-20N-11G-(1/2/3/4/5/6)	도초중_통합형-0205-03_IP-20N-11G-(1/2/3/4/5/6) 
12470	MW	927	IP-20	IP-20F	접도_통합형-0105-02_IP-20F-11G-(1/2)	접도_통합형-0105-02_IP-20F-11G-(1/2) 
12471	MW	939	IP-20	IP-20F	하구자도_통합형-0101-01_IP-20F-11G-(1/2)	하구자도_통합형-0101-01_IP-20F-11G-(1/2) 
12472	MW	596	IP-20	IP-20F	옥도_통합형-0102-01_IP-20F-11G-(1/2)	옥도_통합형-0102-01_IP-20F-11G-(1/2) 
12473	MW	558	IP-20	IP-20F	도초중_통합형-0206-04_IP-20F-11G-(1/2)	도초중_통합형-0206-04_IP-20F-11G-(1/2) 
12474	MW	600	IP-20	IP-20F	율도(목포)_통합형-0102-02_IP-20F-11G-(1/2)	율도(목포)_통합형-0102-02_IP-20F-11G-(1/2) 
12475	MW	597	IP-20	IP-20F	외달도_통합형-0101-02_IP-20F-11G-(1/2)	외달도_통합형-0101-02_IP-20F-11G-(1/2) 
12476	MW	935	IP-20	IP-20F	진도중_통합형-0305-02_IP-20F-11G-(1/2)	진도중_통합형-0305-02_IP-20F-11G-(1/2) 
12477	MW	620	IP-20	IP-20F	평사도_통합형-0101-01_IP-20F-11G-(1/2)	평사도_통합형-0101-01_IP-20F-11G-(1/2) 
12478	MW	914	IP-20	IP-20N-D	상조도_통합형-0301-05_IP-20N-D-4G -(1/2/3/4)	상조도_통합형-0301-05_IP-20N-D-4G -(1/2/3/4) 
12479	MW	542	IP-20	IP-20N-D	가거도_통합형-0102-02_IP-20N-D-4G -(1/2/3/4)	가거도_통합형-0102-02_IP-20N-D-4G -(1/2/3/4) 
12480	MW	580	CTR	CTR-8540	송공_MDM-0104-02_CTR-8540-11G-(//1/2)	송공_MDM-0104-02_CTR-8540-11G-(//1/2) 
12481	MW	551	CTR	CTR-8540	당사도(목포)_MDM-0101-03_CTR-8540-11G-(//1/2)	당사도(목포)_MDM-0101-03_CTR-8540-11G-(//1/2) 
12482	MW	558	CTR	CTR-8540	도초중_MDM-0101-04_CTR-8540-8G-(//1/2)	도초중_MDM-0101-04_CTR-8540-8G-(//1/2) 
12483	MW	599	CTR	CTR-8540	우이도_MDM-0101-01_CTR-8540-8G-(//1/2)	우이도_MDM-0101-01_CTR-8540-8G-(//1/2) 
12484	MW	545	CTR	CTR-8540	고이도_MDM-0101-01_CTR-8540-8G-(//1/2)	고이도_MDM-0101-01_CTR-8540-8G-(//1/2) 
12485	MW	592	CTR	CTR-8540	양을중_MDM-1007-03_CTR-8540-8G-(//1/2)	양을중_MDM-1007-03_CTR-8540-8G-(//1/2) 
12486	MW	935	CTR	CTR-8540	진도중_MDM-0101-03_CTR-8540-8G-(//1/2)	진도중_MDM-0101-03_CTR-8540-8G-(//1/2) 
12487	MW	889	CTR	CTR-8540	가사도_MDM-0201-03_CTR-8540-8G-(//1/2)	가사도_MDM-0201-03_CTR-8540-8G-(//1/2) 
12488	MW	577	CTR	CTR-8540	서우이_MDM-0101-01_CTR-8540-8G-(//1/2)	서우이_MDM-0101-01_CTR-8540-8G-(//1/2) 
12489	MW	558	CTR	CTR-8540	도초중_MDM-0101-05_CTR-8540-8G-(//1/2)	도초중_MDM-0101-05_CTR-8540-8G-(//1/2) 
12490	MW	607	CTR	CTR-8540	장도(흑산)_MDM-0101-01_CTR-8540-11G-(//1/2)	장도(흑산)_MDM-0101-01_CTR-8540-11G-(//1/2) 
12491	MW	547	CTR	CTR-8540	곤촌_MDM-0101-01_CTR-8540-11G-(//1/2)	곤촌_MDM-0101-01_CTR-8540-11G-(//1/2) 
12492	MW	628	IP-20	IP-20F	흑산도_통합형-0310-02_IP-20F-11G-(1/2)	흑산도_통합형-0310-02_IP-20F-11G-(1/2) 
12493	MW	595	IP-20	IP-20F	영산도_통합형-0101-02_IP-20F-11G-(1/2)	영산도_통합형-0101-02_IP-20F-11G-(1/2) 
12494	MW	558	IP-20	IP-20F	도초중_통합형-0207-02_IP-20F-11G-(3/4)	도초중_통합형-0207-02_IP-20F-11G-(3/4) 
12495	MW	596	IP-20	IP-20F	옥도_통합형-0102-02_IP-20F-11G-(3/4)	옥도_통합형-0102-02_IP-20F-11G-(3/4) 
12496	MW	914	IP-20	IP-20N-D	상조도_통합형-0301-06_IP-20N-D-8G-(1/2/3/4)	상조도_통합형-0301-06_IP-20N-D-8G-(1/2/3/4) 
12497	MW	1099	IP-20	IP-20N-D	도솔봉_통합형-0101-02_IP-20N-D-8G-(1/2/3/4)	도솔봉_통합형-0101-02_IP-20N-D-8G-(1/2/3/4) 
12498	MW	935	IP-20	IP-20N-D	진도중_통합형-0403-03_IP-20N-D-4G -(1/2/3/4)	진도중_통합형-0403-03_IP-20N-D-4G -(1/2/3/4) 
12499	MW	935	IP-20	IP-20N-D	진도중_통합형-0403-02_IP-20N-D-8G-(1/2/3/4/5/6)	진도중_통합형-0403-02_IP-20N-D-8G-(1/2/3/4/5/6) 
12500	MW	1124	IP-20	IP-20N-D	하의기지국_통합형-0101-01_IP-20N-D-8G-(1/2/3/4/5/6)	하의기지국_통합형-0101-01_IP-20N-D-8G-(1/2/3/4/5/6) 
12501	MW	628	IP-20	IP-20N-D	흑산도_통합형-0312-02_IP-20N-D-4G -(1/2/3/4)	흑산도_통합형-0312-02_IP-20N-D-4G -(1/2/3/4) 
12502	MW	935	IP-20	IP-20N	진도중_통합형-0304-01_IP-20N-6GL-(1/2/3/4)	진도중_통합형-0304-01_IP-20N-6GL-(1/2/3/4) 
12503	MW	628	IP-20	IP-20N	흑산도_통합형-0301-03_IP-20N-6GL-(1/2/3/4)	흑산도_통합형-0301-03_IP-20N-6GL-(1/2/3/4) 
12504	MW	628	IP-20	IP-20N-D	흑산도_통합형-0312-03_IP-20N-D-11G-(1/2)	흑산도_통합형-0312-03_IP-20N-D-11G-(1/2) 
12505	MW	549	IP-20	IP-20N-D	다물도_통합형-0102-03_IP-20N-D-11G-(1/2)	다물도_통합형-0102-03_IP-20N-D-11G-(1/2) 
12506	MW	914	IP-20	IP-20N	상조도_통합형-0202-02_IP-20N-11G-(1/2/3/4)	상조도_통합형-0202-02_IP-20N-11G-(1/2/3/4) 
12507	MW	661	IP-20	IP-20N	대마도_통합형-0101-01_IP-20N-11G-(1/2/3/4)	대마도_통합형-0101-01_IP-20N-11G-(1/2/3/4) 
12508	MW	914	IP-20	IP-20N	상조도_통합형-0301-02_IP-20N-11G-(1/2/3/4)	상조도_통합형-0301-02_IP-20N-11G-(1/2/3/4) 
12509	MW	1101	IP-20	IP-20N	서거차도_통합형-0101-01_IP-20N-11G-(1/2/3/4)	서거차도_통합형-0101-01_IP-20N-11G-(1/2/3/4) 
12510	MW	592	IP-20	IP-20N-D	양을중_통합형-0507-02_IP-20N-D-8G-(1/2)	양을중_통합형-0507-02_IP-20N-D-8G-(1/2) 
12511	MW	568	IP-20	IP-20N-D	병풍도_통합형-0102-02_IP-20N-D-8G-(1/2)	병풍도_통합형-0102-02_IP-20N-D-8G-(1/2) 
12512	MW	558	CTR	CTR-8540	도초중_MDM-0106-03_CTR-8540-11G-(//1/2)	도초중_MDM-0106-03_CTR-8540-11G-(//1/2) 
12513	MW	586	CTR	CTR-8540	신도(목포)_MDM-0101-02_CTR-8540-11G-(//1/2)	신도(목포)_MDM-0101-02_CTR-8540-11G-(//1/2) 
12514	MW	927	IP-20	IP-20N	접도_통합형-0103-03_IP-20N-8G-(1/2/3/4)	접도_통합형-0103-03_IP-20N-8G-(1/2/3/4) 
12515	MW	906	IP-20	IP-20N	독거도_통합형-0101-01_IP-20N-8G-(1/2/3/4)	독거도_통합형-0101-01_IP-20N-8G-(1/2/3/4) 
12516	MW	603	IP-20	IP-20N-D	임자중_통합형-0203-03_IP-20N-D-11G-(1/2/3/4)	임자중_통합형-0203-03_IP-20N-D-11G-(1/2/3/4) 
12517	MW	610	IP-20	IP-20N-D	재원도_통합형-0102-02_IP-20N-D-11G-(1/2/3/4)	재원도_통합형-0102-02_IP-20N-D-11G-(1/2/3/4) 
12518	MW	589	IP-20	IP-20F	안좌중_통합형-0103-05_IP-20F-11G-(1/2)	안좌중_통합형-0103-05_IP-20F-11G-(1/2) 
12519	MW	621	IP-20	IP-20F	하수치_통합형-0101-01_IP-20F-11G-(1/2)	하수치_통합형-0101-01_IP-20F-11G-(1/2) 
12520	MW	628	IP-20	IP-20N-D	흑산도_통합형-0312-04_IP-20N-D-8G-(1/2)	흑산도_통합형-0312-04_IP-20N-D-8G-(1/2) 
12521	MW	625	IP-20	IP-20N-D	홍도_통합형-0105-02_IP-20N-D-8G-(1/2)	홍도_통합형-0105-02_IP-20N-D-8G-(1/2) 
12522	MW	591	CTR	CTR-8540	압해도_MDM-0101-01_CTR-8540-11G-(//1/2)	압해도_MDM-0101-01_CTR-8540-11G-(//1/2) 
12523	MW	1005	CTR	CTR-8540	마산도_MASAN_CTR-8540-11G-(//1/2)	마산도_MASAN_CTR-8540-11G-(//1/2) 
12524	MW	592	CTR	CTR-8540	양을중_MDM-0101-02_CTR-8540-11G-(//1/2)	양을중_MDM-0101-02_CTR-8540-11G-(//1/2) 
12525	MW	600	CTR	CTR-8540	율도(목포)_MDM-0102-03_CTR-8540-11G-(//1/2)	율도(목포)_MDM-0102-03_CTR-8540-11G-(//1/2) 
12526	MW	580	CTR	CTR-8540	송공_MDM-0104-03_CTR-8540-11G-(//1/2)	송공_MDM-0104-03_CTR-8540-11G-(//1/2) 
12527	MW	579	CTR	CTR-8540	소악도_MDM-0101-01_CTR-8540-11G-(//1/2)	소악도_MDM-0101-01_CTR-8540-11G-(//1/2) 
12528	MW	603	IP-20	IP-20N-D	임자중_통합형-0203-04_IP-20N-D-11G-(1/2)	임자중_통합형-0203-04_IP-20N-D-11G-(1/2) 
12529	MW	593	IP-20	IP-20N-D	어의도(목포)_통합형-0101-01_IP-20N-D-11G-(1/2)	어의도(목포)_통합형-0101-01_IP-20N-D-11G-(1/2) 
12530	MW	935	IP-20	IP-20N	진도중_통합형-0404-01_IP-20N-6GU-(1/2/3/4)	진도중_통합형-0404-01_IP-20N-6GU-(1/2/3/4) 
12531	MW	1109	IP-20	IP-20N	하조도_통합형-0106-01_IP-20N-6GU-(1/2/3/4)	하조도_통합형-0106-01_IP-20N-6GU-(1/2/3/4) 
12532	MW	576	IP-20	IP-20N-D	상태도_통합형-0101-01_IP-20N-D-11G-(1/2)	상태도_통합형-0101-01_IP-20N-D-11G-(1/2) 
12533	MW	623	IP-20	IP-20N-D	하태도_통합형-0302-02_IP-20N-D-11G-(1/2)	하태도_통합형-0302-02_IP-20N-D-11G-(1/2) 
12534	MW	552	IP-20	IP-20N-D	대둔도_통합형-0103-01_IP-20N-D-11G-(1/2/3//4)	대둔도_통합형-0103-01_IP-20N-D-11G-(1/2/3//4) 
12535	MW	549	IP-20	IP-20N-D	다물도_통합형-0102-02_IP-20N-D-11G-(1/2/3//4)	다물도_통합형-0102-02_IP-20N-D-11G-(1/2/3//4) 
12536	MW	592	CTR	CTR-8540	양을중_Yangyeul-Dallee-8540_CTR-8540-11G-(1/2/3/4)	양을중_Yangyeul-Dallee-8540_CTR-8540-11G-(1/2/3/4) 
12537	MW	550	CTR	CTR-8540	달리도_Dallee-Yangyeul-8540_CTR-8540-11G-(1/2/3/4)	달리도_Dallee-Yangyeul-8540_CTR-8540-11G-(1/2/3/4) 
12538	MW	901	CTR	CTR-8540	금호도_Gumhodo-Jupdo-8540_CTR-8540-11G-(1/2)	금호도_Gumhodo-Jupdo-8540_CTR-8540-11G-(1/2) 
12539	MW	927	CTR	CTR-8540	접도_Jupdo-Gumhodo-8540_CTR-8540-11G-(1/2)	접도_Jupdo-Gumhodo-8540_CTR-8540-11G-(1/2) 
12540	MW	558	CTR	CTR-8312	도초중_Jupdo-Geedo-8312_CTR-8312-11G-(1)	도초중_Jupdo-Geedo-8312_CTR-8312-11G-(1) 
12541	MW	548	CTR	CTR-8312	기도_Guudo-Jupdo-8312_CTR-8312-11G-(1)	기도_Guudo-Jupdo-8312_CTR-8312-11G-(1) 
12542	MW	927	CTR	CTR-8312	접도_Jupdo-Sangguja_CTR-8312-11G-(1)	접도_Jupdo-Sangguja_CTR-8312-11G-(1) 
12543	MW	913	CTR	CTR-8312	상구자도_Sangguja-Jupdo_CTR-8312-11G-(1)	상구자도_Sangguja-Jupdo_CTR-8312-11G-(1) 
12544	MW	620	CTR	CTR-8312	평사도_Pyungsa-Gosa-8312_CTR-8312-11G-(1)	평사도_Pyungsa-Gosa-8312_CTR-8312-11G-(1) 
12545	MW	544	CTR	CTR-8312	고사도_Gosa-Pyungsa-8312_CTR-8312-11G-(1)	고사도_Gosa-Pyungsa-8312_CTR-8312-11G-(1) 
12546	MW	895	CTR	CTR-8540	관매도_MDM-0101-02_CTR-8540-11G-(1/2)	관매도_MDM-0101-02_CTR-8540-11G-(1/2) 
12547	MW	895	CTR	CTR-8540	관매도_MDM-0101-01_CTR-8540-11G-(1/1)	관매도_MDM-0101-01_CTR-8540-11G-(1/1) 
12548	MW	914	CTR	CTR-8540	상조도_MDM-0302-01_CTR-8540-11G-(1/2)	상조도_MDM-0302-01_CTR-8540-11G-(1/2) 
12549	MW	914	CTR	CTR-8540	상조도_MDM-0302-02_CTR-8540-11G-(1/2)	상조도_MDM-0302-02_CTR-8540-11G-(1/2) 
12550	MW	614	CTR	CTR-8540	증도_MDM-0301-01_CTR-8540-11G-(1/2/3/4)	증도_MDM-0301-01_CTR-8540-11G-(1/2/3/4) 
12551	MW	578	CTR	CTR-8540	선도_MDM-0101-01_CTR-8540-11G-(1/2/3/4)	선도_MDM-0101-01_CTR-8540-11G-(1/2/3/4) 
12552	MW	580	IP-20	IP-20N-D	송공_Songong-Maehwa-20n-d_IP-20N-D-11G-(1/2)	송공_Songong-Maehwa-20n-d_IP-20N-D-11G-(1/2) 
12553	MW	562	IP-20	IP-20N-D	매화도_통합형-0104-02_IP-20N-D-11G-(1/2)	매화도_통합형-0104-02_IP-20N-D-11G-(1/2) 
12554	MW	589	CTR	CTR-8540	안좌중_MDM-0306-01_CTR-8540-11G-(1/2)	안좌중_MDM-0306-01_CTR-8540-11G-(1/2) 
12555	MW	565	CTR	CTR-8540	반월도_MDM-0101-01_CTR-8540-11G-(1/2)	반월도_MDM-0101-01_CTR-8540-11G-(1/2) 
12556	MW	573	CTR	CTR-8540	사옥도_Saokdo-Tando-8540_CTR-8540-11G-(1/2)	사옥도_Saokdo-Tando-8540_CTR-8540-11G-(1/2) 
12557	MW	617	CTR	CTR-8540	탄도_Tando-Saokdo-8540_CTR-8540-11G-(1/2)	탄도_Tando-Saokdo-8540_CTR-8540-11G-(1/2) 
12558	MW	914	IP-20	IP-20N	상조도_통합형-0301-07_IP-20N-11G-(1/2/3/4)	상조도_통합형-0301-07_IP-20N-11G-(1/2/3/4) 
12559	MW	896	IP-20	IP-20N	관사도_Gwansado-Sangjodo-20n_IP-20N-11G-(1/2/3/4)	관사도_Gwansado-Sangjodo-20n_IP-20N-11G-(1/2/3/4) 
12560	MW	914	CTR	CTR-8540	상조도_MDM-0302-03_CTR-8540-11G-(1/2/3/4)	상조도_MDM-0302-03_CTR-8540-11G-(1/2/3/4) 
12561	MW	910	CTR	CTR-8540	맹골죽도_MDM-0101-02_CTR-8540-11G-(1/2/3/4)	맹골죽도_MDM-0101-02_CTR-8540-11G-(1/2/3/4) 
12562	MW	915	CTR	CTR-8312	성남도_seongnamdo-Sangjodo-CTR8312_CTR-8312-11G-(1)	성남도_seongnamdo-Sangjodo-CTR8312_CTR-8312-11G-(1) 
12563	MW	914	CTR	CTR-8312	상조도_Sangjodo-seongnamdo-8312_CTR-8312-11G-(1)	상조도_Sangjodo-seongnamdo-8312_CTR-8312-11G-(1) 
12564	MW	903	CTR	CTR-8540	내병도_Naebyungdo-Sangjodo-8540_CTR-8540-11G-(1/2)	내병도_Naebyungdo-Sangjodo-8540_CTR-8540-11G-(1/2) 
12565	MW	914	CTR	CTR-8540	상조도_Sangjodo-Maedo-8540_CTR-8540-11G-(1/2)	상조도_Sangjodo-Maedo-8540_CTR-8540-11G-(1/2) 
12566	MW	914	CTR	CTR-8540	상조도_Sangjodo-Jinmokdo-8540_CTR-8540-11G-(1/2)	상조도_Sangjodo-Jinmokdo-8540_CTR-8540-11G-(1/2) 
12567	MW	936	CTR	CTR-8540	진목도_Junmok-Sanjodo-8540_CTR-8540-11G-(1/2)	진목도_Junmok-Sanjodo-8540_CTR-8540-11G-(1/2) 
12568	MW	914	CTR	CTR-8540	상조도_Sangjodo-Jomodo-8540_CTR-8540-11G-(1/2)	상조도_Sangjodo-Jomodo-8540_CTR-8540-11G-(1/2) 
12569	MW	928	CTR	CTR-8540	조도모도_Jomodo-Sangjodo-8540_CTR-8540-11G-(1/2)	조도모도_Jomodo-Sangjodo-8540_CTR-8540-11G-(1/2) 
12570	MW	914	CTR	CTR-8540	상조도_Sangjodo-Nolokdo-8540_CTR-8540-11G-(1/2)	상조도_Sangjodo-Nolokdo-8540_CTR-8540-11G-(1/2) 
12571	MW	904	CTR	CTR-8540	눌옥도_Nolokdo-Sangjodo-8540_CTR-8540-11G-(1/2)	눌옥도_Nolokdo-Sangjodo-8540_CTR-8540-11G-(1/2) 
12572	MW	558	CTR	CTR-8312	도초중_Dochodo-Munbyungdo-8312_CTR-8312-11G-(1)	도초중_Dochodo-Munbyungdo-8312_CTR-8312-11G-(1) 
12573	MW	563	CTR	CTR-8312	문병도_Munbyungdo-Dochodo-8312_CTR-8312-11G-(1)	문병도_Munbyungdo-Dochodo-8312_CTR-8312-11G-(1) 
12574	MW	935	IP-20	IP-20N	진도중_통합형-0303-01_IP-20N-6GL-(1/2/3/4)	진도중_통합형-0303-01_IP-20N-6GL-(1/2/3/4) 
12575	MW	628	IP-20	IP-20N	흑산도_통합형-0101-01_IP-20N-6GL-(1/2/3/4)	흑산도_통합형-0101-01_IP-20N-6GL-(1/2/3/4) 
12576	MW	558	IP-20	IP-20N	도초중_통합형-0202-01_IP-20N-11G-(1/2)	도초중_통합형-0202-01_IP-20N-11G-(1/2) 
12577	MW	574	IP-20	IP-20N	사치도_통합형-0101-01_IP-20N-11G-(1/2)	사치도_통합형-0101-01_IP-20N-11G-(1/2) 
12578	MW	589	IP-20	IP-20N	안좌중_통합형-0202-01_IP-20N-8G-(1/2)	안좌중_통합형-0202-01_IP-20N-8G-(1/2) 
12579	MW	560	IP-20	IP-20N	마진도_통합형-0101-01_IP-20N-8G-(1/2)	마진도_통합형-0101-01_IP-20N-8G-(1/2) 
